ISN,GB0001383545
ISN,GB00B1XZS820
ISN,GB0006731235
ISN,GB00B02J6398
ISN,GB0000536739
ISN,GB0000456144
ISN,GB00BVYVFW23
ISN,GB0002162385
ISN,GB00BDD85M81
ISN,GB00BBG9VN75
ISN,GB0009895292
ISN,GB0002634946
ISN,GB0031348658
ISN,GB0002875804
ISN,GB0000811801
ISN,GB00BH0P3Z91
ISN,GB00B02L3W35
ISN,GB0001367019
ISN,LU1072616219
ISN,GB00B0744B38
ISN,GB0007980591
ISN,GB0031743007
ISN,GB0030913577
ISN,CH0198251305
ISN,GB00BD6K4575
ISN,GB00BJFFLV09
ISN,IE0001827041
ISN,IE0002424939
ISN,GB0002374006
ISN,IM00B5VQMV65
ISN,GB00B71N6K86
ISN,GB00B19NLV48
ISN,JE00BJVNSS43
ISN,IE00BWT6H894
ISN,GB00B2QPKJ12
ISN,JE00B4T3BW64
ISN,GB0009252882
ISN,GB00B0LCW083
ISN,GB0004052071
ISN,GB00B1VZ0M25
ISN,GB0005405286
ISN,ES0177542018
ISN,GB00BYT1DJ19
ISN,GB00BHJYC057
ISN,GB00B1YW4409
ISN,GB0004544929
ISN,GB00BMJ6DW54
ISN,GB0031638363
ISN,GB00BYX91H57
ISN,NL0012015705
ISN,GB00BZ4BQC70
ISN,GB0033195214
ISN,GB00BYW0PQ60
ISN,GB0005603997
ISN,GB0008706128
ISN,GB00B0SWJX34
ISN,GB00B1CRLC47
ISN,GB00BKFB1C65
ISN,GB00BZ1G4322
ISN,GB00BDR05C01
ISN,GB00B7T77214
ISN,GB0032089863
ISN,GB00B3MBS747
ISN,GB00BGXQNP29
ISN,JE00B6T5S470
ISN,GB0007099541
ISN,GG00BPFJTF46
ISN,GB0006825383
ISN,GB0006776081
ISN,GB00B03MLX29
ISN,GB00B03MM408
ISN,GB00B2B0DG97
ISN,GB0007188757
ISN,GB00B24CGK77
ISN,GB00BGDT3G23
ISN,GB00B63H8491
ISN,GB00BKKMKR23
ISN,GB0007323586
ISN,GB00B082RF11
ISN,GB00B019KW72
ISN,GB0002405495
ISN,GB00B8C3BL03
ISN,GB00B5ZN1N88
ISN,GB0007669376
ISN,IE00B1RR8406
ISN,GB00BF8Q6K64
ISN,GB0008220112
ISN,GB00B1WY2338
ISN,GB00BLDYK618
ISN,GB0009223206
ISN,GB00BWFGQN14
ISN,GB0007908733
ISN,GB0004082847
ISN,GB00B1FH8J72
ISN,GB00BLGZ9862
ISN,GB0008782301
ISN,GB00B10RZP78
ISN,GB00B39J2M42
ISN,GB00BH4HKS39
ISN,GB0009465807
ISN,JE00B8KF9B49
ISN,GB00B1KJJ408
ISN,US2605661048
ISN,GB0001384287
ISN,JE00BF5FX167
ISN,GI000A0F6407
ISN,GB00BKDRYJ47
ISN,GB00BK1PTB77
ISN,GB00BVGBWW93
ISN,GB0001335081
ISN,GB00BFZNLB60
ISN,GB00BN7CG237
ISN,GB00BJTNFH41
ISN,GG00BWWYMV85
ISN,GB00BYM8GJ06
ISN,GB00B132NW22
ISN,GB0000066554
ISN,GB00B11V7W98
ISN,GB00BNG2M159
ISN,GB0000667013
ISN,GB0009697037
ISN,GB0000961622
ISN,LU0686550053
ISN,GB00BZCNLL95
ISN,GB00BG49KP99
ISN,GB00BYQ0JC66
ISN,GB0000485838
ISN,GB00BFXYH242
ISN,GB00BKLXD974
ISN,GB00BD8DR117
ISN,GB00BN4NDR39
ISN,GB00B3FLWH99
ISN,GB0006436108
ISN,GB0001765816
ISN,GB0005774855
ISN,GB00B0N8QD54
ISN,GB0000904986
ISN,GB0002869419
ISN,GB00BMH18Q19
ISN,GB00B62G9D36
ISN,GB0007668071
ISN,GB00BV9FP302
ISN,GB0031215220
ISN,JE00B5TT1872
ISN,GB00B45C9X44
ISN,GG00BGJYPP46
ISN,GB00B15FWH70
ISN,GB0002018363
ISN,GB0001639920
ISN,GB00BF044593
ISN,GB00B14SKR37
ISN,GB00B033F229
ISN,GB00BN0SMB92
ISN,GB00B4YZN328
ISN,GB00B23K0M20
ISN,GB00B8VZXT93
ISN,GB00BD8HBD32
ISN,GB00BYPHNG03
ISN,GB00BD3VFW73
ISN,GB0001990497
ISN,GB0002318888
ISN,GB00B4Y7R145
ISN,GB00BYX7JT74
ISN,GB00B8460Z43
ISN,GB00BY9D0Y18
ISN,GB0002652740
ISN,GB00B1CKQ739
ISN,GB00BL6NGV24
ISN,GB00BYN59130
ISN,GB0009633180
ISN,GB0001826634
ISN,GB00B1VNSX38
ISN,GB0003096442
ISN,GB0003052338
ISN,GB0002418548
ISN,JE00BJ1DLW90
ISN,GB00BG12Y042
ISN,GB0006886666
ISN,GB00B0744359
ISN,GB00BHSRZC82
ISN,GB00B7KR2P84
ISN,GB0003466074
ISN,GB00B62Z3C74
ISN,GB00BLWDVP51
ISN,GB00BK1PKQ95
ISN,GB0003452173
ISN,GB0007816068
ISN,GB0006640972
ISN,GB00B1QH8P22
ISN,JE00BD3QJR55
ISN,GB00BWXC7Y93
ISN,GB00BYZN9041
ISN,GB00B1XH2C03
ISN,GB0003718474
ISN,IE00B010DT83
ISN,JE00B6173J15
ISN,GB00BKRC5K31
ISN,IE00B00MZ448
ISN,GB00BF448H58
ISN,IE0003864109
ISN,GB0002074580
ISN,GB00BF5H9P87
ISN,GB00B63QSB39
ISN,GB00B04V1276
ISN,GG00B4L0PD47
ISN,GB00BZ14BX56
ISN,GB0004161021
ISN,GB00B1V9NW54
ISN,GB00BJ0LT190
ISN,GB00BJLP1Y77
ISN,GB0004270301
ISN,GB00BK7YQK64
ISN,GB00B1FW5029
ISN,GB0004228648
ISN,GB0009065060
ISN,GB00BYYTFB60
ISN,BMG4593F1389
ISN,GB00BJVQC708
ISN,GG00BR30MJ80
ISN,GB0005576813
ISN,GB00BYXJC278
ISN,GB0003292009
ISN,GB0031232498
ISN,GB00B06QFB75
ISN,GB00BD45SH49
ISN,GB00BGLP8L22
ISN,GB00B61TVQ02
ISN,GB00BRS65X63
ISN,GB00B188SR50
ISN,GB00B17BBQ50
ISN,GB00B128J450
ISN,GB0033986497
ISN,JE00BYVQYS01
ISN,GB00BKZGVH64
ISN,GB0001638955
ISN,GB0000197722
ISN,GB00BMTS0Z37
ISN,GB0001740025
ISN,GG00BJL5FH87
ISN,GB00BVC3CB83
ISN,GB00BMXWN182
ISN,JE00BF4X3P53
ISN,GB00B53P2009
ISN,GB00BCRX1J15
ISN,GB00BZ0D6727
ISN,GB0007388407
ISN,GB00B4WFW713
ISN,BMG5361W1047
ISN,GB0031429219
ISN,GB00BYQ46T41
ISN,GB00B1FP6H53
ISN,GB00BJ1F4N75
ISN,GB00B8HX8Z88
ISN,GB0006027295
ISN,GB0005758098
ISN,GB0008085614
ISN,GB0031274896
ISN,GB0030517261
ISN,GB00B1ZBKY84
ISN,GB00BF4JDH58
ISN,GB0006043169
ISN,GB00B012BV22
ISN,GB0004657408
ISN,GB0006111123
ISN,GB0006111909
ISN,GB00BJHPLV88
ISN,GB00B01QGK86
ISN,GB00BH3VJ782
ISN,GB0006215205
ISN,GB00BLDRH360
ISN,GB00BDFBVT43
ISN,GB0006650450
ISN,GB0030232317
ISN,GB00B2NGPM57
ISN,GB0004148507
ISN,GB0004220025
ISN,GB00BJ62K685
ISN,GB00B7N0K053
ISN,GB00B1Z4ST84
ISN,GB00BYRJ5J14
ISN,IL0011284465
ISN,GB0006827546
ISN,GB00B18V8630
ISN,GB0031544546
ISN,GB00BY2Z0H74
ISN,IM00B7S9G985
ISN,GB00B19Z1432
ISN,GB00BDCXV269
ISN,GB00B0WMWD03
ISN,GB0002148343
ISN,GB0007366395
ISN,GB00BG11K365
ISN,GB00B41H7391
ISN,NL0012650360
ISN,GB00BDVZYZ77
ISN,GB00B1L5QH97
ISN,GB00BVFNZH21
ISN,GB00B0YG1K06
ISN,GB00B1N7Z094
ISN,GB0007873697
ISN,GB00BYWVDP49
ISN,GB00BYZDVK82
ISN,GB0007918872
ISN,GG00BV54HY67
ISN,GB0007990962
ISN,GB00BKDM7X41
ISN,GB0007291015
ISN,GB00B2PDGW16
ISN,JE00BVRZ8S85
ISN,GB00B0CRWN59
ISN,GG00BFYT9H72
ISN,GB0004726096
ISN,GG00B1W3VF54
ISN,GB0007973794
ISN,GB00BGJWTR88
ISN,GB00BGBN7C04
ISN,GB00B135BJ46
ISN,GB0003308607
ISN,GG00B8P59C08
ISN,GB0009887422
ISN,GB0008754136
ISN,JE00BMDZN391
ISN,GB0008829292
ISN,GB0008794710
ISN,GB00BYQB9V88
ISN,GB0001500809
ISN,GB0008825324
ISN,GB00BK9RKT01
ISN,GG00BBHX2H91
ISN,GB00BKDTK925
ISN,GB0009064097
ISN,DE000TUAG000
ISN,IE0033024807
ISN,GB00B19Z2J52
ISN,GB00B8SC6K54
ISN,GB0009123323
ISN,GB00BDFGHW41
ISN,GB0006928617
ISN,GB0009292243
ISN,GB00BKM2MW97
ISN,KYG9361H1092
ISN,GB00BD6GN030
ISN,GG00BYXVT888
ISN,GB00B82YXW83
ISN,GB0001859296
ISN,GB00BDGT2M75
ISN,GB00B5N0P849
ISN,GB00BL6C2002
ISN,JE00BN574F90
ISN,GB00B67G5X01
ISN,GB00BJDQQ870
ISN,GB00BJTRSD38
ISN,GB0003385308
ISN,SG9999003735
ISN,JP9010C00002
ISN,JP3718800000
ISN,JP3625000009
ISN,JP3599000001
ISN,JP3891600003
ISN,JP3351200005
ISN,JP3876600002
ISN,JP3549600009
ISN,JP3903000002
ISN,JP3789000001
ISN,JP3885780001
ISN,JP3294460005
ISN,JP3371200001
ISN,JP3402600005
ISN,JP3900000005
ISN,JP3502200003
ISN,JP3305530002
ISN,JP3256000005
ISN,JP3638600001
ISN,JP3224200000
ISN,JP3762600009
ISN,JP3443600006
ISN,JP3888300005
ISN,JP3827200001
ISN,JP3134800006
ISN,JP3863800003
ISN,JP3190000004
ISN,JP3897700005
ISN,JP3407400005
ISN,JP3305990008
ISN,JP3165000005
ISN,JP3358800005
ISN,JP3158800007
ISN,JP3811000003
ISN,JP3672400003
ISN,JP3183200009
ISN,JP3768600003
ISN,JP3551520004
ISN,JP3613400005
ISN,JP3137200006
ISN,JP3890310000
ISN,JP3210200006
ISN,JP3205800000
ISN,JP3970300004
ISN,JP3633400001
ISN,JP3476480003
ISN,JP3505000004
ISN,JP3463000004
ISN,JP3172100004
ISN,JP3792600003
ISN,JP3910660004
ISN,JP3420600003
ISN,JP3942400007
ISN,JP3122800000
ISN,JP3899800001
ISN,JP3539220008
ISN,JP3667600005
ISN,JP3495000006
ISN,JP3752900005
ISN,JP3868400007
ISN,JP3893200000
ISN,JP3676800000
ISN,JP3347200002
ISN,JP3304200003
ISN,JP3854600008
ISN,JP3899600005
ISN,JP3918000005
ISN,JP3519400000
ISN,JP3405400007
ISN,JP3397200001
ISN,JP3582600007
ISN,JP3743000006
ISN,JP3160400002
ISN,JP3787000003
ISN,JP3814800003
ISN,JP3409000001
ISN,JP3435750009
ISN,JP3546800008
ISN,JP3266400005
ISN,JP3942800008
ISN,JP3597800006
ISN,JP3548610009
ISN,JP3475350009
ISN,JP3166000004
ISN,JP3657400002
ISN,JP3574200006
ISN,JP3320800000
ISN,JP3188220002
ISN,JP3481800005
ISN,JP3201200007
ISN,JP3196000008
ISN,JP3116000005
ISN,JP3493400000
ISN,JP3720800006
ISN,JP3494600004
ISN,JP3277800003
ISN,JP3258000003
ISN,JP3933800009
ISN,JP3165600002
ISN,JP3242800005
ISN,JP3278600006
ISN,JP3459600007
ISN,JP3637300009
ISN,JP3292200007
ISN,JP3973400009
ISN,JP3783600004
ISN,JP3663900003
ISN,JP3311400000
ISN,JP3906000009
ISN,JP3352400000
ISN,JP3659000008
ISN,JP3240400006
ISN,JP3967200001
ISN,JP3788600009
ISN,JP3778630008
ISN,JP3566800003
ISN,JP3119600009
ISN,JP3814000000
ISN,JP3902400005
ISN,JP3629000005
ISN,JP3729400006
ISN,JP3665200006
ISN,JP3300600008
ISN,JP3820000002
ISN,JP3493800001
ISN,JP3940000007
ISN,JP3726800000
ISN,JP3351600006
ISN,JP3932000007
ISN,JP3942600002
ISN,JP3753000003
ISN,JP3386380004
ISN,JP3142500002
ISN,JP3197800000
ISN,JP3143600009
ISN,JP3362700001
ISN,JP3894900004
ISN,JP3386450005
ISN,JP3385820000
ISN,JP3877600001
ISN,JP3223800008
ISN,JP3619800000
ISN,JP3955800002
ISN,JP3733000008
ISN,JP3635000007
ISN,JP3429800000
ISN,JP3951200009
ISN,JP3830800003
ISN,JP3818000006
ISN,JP3893600001
ISN,JP3902000003
ISN,JP3678000005
ISN,JP3112000009
ISN,JP3194000000
ISN,JP3571400005
ISN,JP3396350005
ISN,JP3569200003
ISN,JP3686800008
ISN,JP3414750004
ISN,JP3404600003
ISN,JP3735400008
ISN,JP3422950000
ISN,JP3733400000
ISN,JP3866800000
ISN,JP3898400001
ISN,JP3496400007
ISN,JP3544000007
ISN,JP3400900001
ISN,JP3359600008
ISN,JP3456000003
ISN,JP3732000009
ISN,JP3621000003
ISN,JP3449020001
ISN,JP3435000009
ISN,JP3870400003
ISN,JP3585800000
ISN,JP3269600007
ISN,JP3560800009
ISN,JP3538800008
ISN,JP3271400008
ISN,JP3526600006
ISN,JP3111200006
ISN,JP3596200000
ISN,JP3126400005
ISN,JP3388200002
ISN,JP3228600007
ISN,JP3322930003
ISN,JP3695200000
ISN,JP3955000009
ISN,JP3729000004
ISN,JP3573000001
ISN,JP3758190007
ISN,JP3381000003
ISN,JP3122400009
ISN,JP3711200000
ISN,JP3180400008
ISN,JP3174410005
ISN,JP3289800009
ISN,JP3551500006
ISN,JP3902900004
ISN,JP3598600009
ISN,JP3721600009
ISN,JP3386030005
ISN,JP3209000003
ISN,JP3500610005
ISN,JP3165700000
ISN,JP3368000000
ISN,JP3448000004
ISN,JP3802400006
ISN,JP3892100003
ISN,JP3421800008
ISN,JP3401400001
ISN,JP3721400004
ISN,JP3249600002
ISN,JP3890350006
ISN,JP3300200007
ISN,JP3670800006
ISN,JP3700200003
ISN,JP3452000007
ISN,JP3511800009
ISN,JP3802300008
ISN,JP3595200001
ISN,JP3888400003
ISN,JP3684000007
ISN,JP3805010000
ISN,JP3436100006
ISN,INE117A01022
ISN,INE07Y701011
ISN,INE442H01029
ISN,INE358A01014
ISN,INE079A01024
ISN,INE012A01025
ISN,INE399L01023
ISN,INE931S01010
ISN,INE423A01024
ISN,INE837H01020
ISN,INE647O01011
ISN,INE364U01010
ISN,INE767A01016
ISN,INE674K01013
ISN,INE208C01025
ISN,INE00WC01019
ISN,INE212H01026
ISN,INE031B01049
ISN,INE133A01011
ISN,INE901L01018
ISN,INE540L01014
ISN,INE150B01039
ISN,INE426A01027
ISN,INE270A01029
ISN,INE885A01032
ISN,INE371P01015
ISN,INE702C01027
ISN,INE437A01024
ISN,INE438A01022
ISN,INE742F01042
ISN,INE406A01037
ISN,INE769A01020
ISN,INE208A01029
ISN,INE021A01026
ISN,INE006I01046
ISN,INE203A01020
ISN,INE100A01010
ISN,INE914M01019
ISN,INE949L01017
ISN,INE216P01012
ISN,INE192R01011
ISN,INE871C01038
ISN,INE238A01034
ISN,INE119A01028
ISN,INE933K01021
ISN,INE917I01010
ISN,INE263A01024
ISN,INE545U01014
ISN,INE171Z01018
ISN,INE373A01013
ISN,INE176A01028
ISN,INE462A01022
ISN,INE050A01025
ISN,INE032A01023
ISN,INE258A01016
ISN,INE465A01025
ISN,INE257A01026
ISN,INE376G01013
ISN,INE836A01035
ISN,INE118A01012
ISN,INE193E01025
ISN,INE296A01024
ISN,INE918I01018
ISN,INE233B01017
ISN,INE416D01022
ISN,INE787D01026
ISN,INE164A01016
ISN,INE472A01039
ISN,INE457A01014
ISN,INE028A01039
ISN,INE084A01016
ISN,INE323A01026
ISN,INE029A01011
ISN,INE463A01038
ISN,INE791I01019
ISN,INE216A01030
ISN,INE340A01012
ISN,INE838B01013
ISN,INE397D01024
ISN,INE118H01025
ISN,INE010B01027
ISN,INE180C01026
ISN,INE475E01026
ISN,INE172A01027
ISN,INE483A01010
ISN,INE421D01022
ISN,INE111A01025
ISN,INE482A01020
ISN,INE736A01011
ISN,INE739E01017
ISN,INE486A01013
ISN,INE427F01016
ISN,INE121A01024
ISN,INE085A01013
ISN,INE149A01033
ISN,INE178A01016
ISN,INE059A01026
ISN,INE476A01014
ISN,INE477A01020
ISN,INE348B01021
ISN,INE055A01016
ISN,INE522F01014
ISN,INE704P01017
ISN,INE591G01017
ISN,INE259A01022
ISN,INE169A01031
ISN,INE120A01034
ISN,INE741K01010
ISN,INE752H01013
ISN,INE299U01018
ISN,INE007A01025
ISN,INE679A01013
ISN,INE491A01021
ISN,INE298A01020
ISN,INE136B01020
ISN,INE016A01026
ISN,INE00R701025
ISN,INE950I01011
ISN,INE503A01015
ISN,INE499A01024
ISN,INE124G01033
ISN,INE274G01010
ISN,INE435G01025
ISN,INE917M01012
ISN,INE361B01024
ISN,INE935N01020
ISN,INE271C01023
ISN,INE600L01024
ISN,INE288B01029
ISN,INE385W01011
ISN,INE836F01026
ISN,INE738I01010
ISN,INE532F01054
ISN,INE066A01021
ISN,INE126A01031
ISN,INE230A01023
ISN,INE285A01027
ISN,INE548C01032
ISN,INE913H01037
ISN,INE510A01028
ISN,INE255A01020
ISN,INE988K01017
ISN,INE406M01024
ISN,INE284A01012
ISN,INE042A01014
ISN,INE302A01020
ISN,INE258B01022
ISN,INE171A01029
ISN,INE686Y01026
ISN,INE183A01024
ISN,INE684F01012
ISN,INE235A01022
ISN,INE061F01013
ISN,INE752P01024
ISN,INE220J01025
ISN,INE129A01019
ISN,INE186A01019
ISN,INE600K01018
ISN,INE036B01030
ISN,INE260B01028
ISN,INE481Y01014
ISN,INE878A01011
ISN,INE017A01032
ISN,INE844O01030
ISN,INE539A01019
ISN,INE322A01010
ISN,INE159A01016
ISN,INE935A01035
ISN,INE131A01031
ISN,INE541A01023
ISN,INE776C01039
ISN,INE113A01013
ISN,INE102D01028
ISN,INE850D01014
ISN,INE233A01035
ISN,INE484J01027
ISN,INE635Q01029
ISN,INE517F01014
ISN,INE101D01020
ISN,INE047A01021
ISN,INE536A01023
ISN,INE371A01025
ISN,INE382Z01011
ISN,INE224A01026
ISN,INE276A01018
ISN,INE026A01025
ISN,INE246F01010
ISN,INE09N301011
ISN,INE038A01020
ISN,INE473B01035
ISN,INE982F01036
ISN,INE860A01027
ISN,INE531E01026
ISN,INE040A01034
ISN,INE127D01025
ISN,INE001A01036
ISN,INE795G01014
ISN,INE978A01027
ISN,INE545A01016
ISN,INE578A01017
ISN,INE548A01028
ISN,INE066F01012
ISN,INE019C01026
ISN,INE030A01027
ISN,INE671A01010
ISN,INE094A01015
ISN,INE158A01026
ISN,INE031A01017
ISN,INE275B01026
ISN,INE176B01034
ISN,INE267A01025
ISN,INE090A01021
ISN,INE763G01038
ISN,INE765G01017
ISN,INE726G01019
ISN,INE383A01012
ISN,INE725G01011
ISN,INE008A01015
ISN,INE092T01019
ISN,INE043D01016
ISN,INE559A01017
ISN,INE203G01027
ISN,INE053A01029
ISN,INE022Q01020
ISN,INE530B01024
ISN,INE466L01020
ISN,INE562A01011
ISN,INE148I01020
ISN,INE095A01012
ISN,INE663F01024
ISN,INE009A01021
ISN,INE646L01027
ISN,INE177A01018
ISN,INE335Y01012
ISN,INE933S01016
ISN,INE312H01016
ISN,INE069I01010
ISN,INE873D01024
ISN,INE121J01017
ISN,INE565A01014
ISN,INE242A01010
ISN,INE485C01011
ISN,INE571A01020
ISN,INE821I01014
ISN,INE962Y01021
ISN,INE154A01025
ISN,INE248A01017
ISN,INE199G01027
ISN,INE070D01027
ISN,INE572A01028
ISN,INE782A01015
ISN,INE455T01018
ISN,INE324A01024
ISN,INE220G01021
ISN,INE168A01041
ISN,INE823G01014
ISN,INE573A01042
ISN,INE786A01032
ISN,INE789E01012
ISN,INE039C01032
ISN,INE780C01023
ISN,INE749A01030
ISN,INE019A01038
ISN,INE121E01018
ISN,INE643A01035
ISN,INE797F01012
ISN,INE599M01018
ISN,INE668F01031
ISN,INE217B01036
ISN,INE531A01024
ISN,INE220B01022
ISN,INE036D01028
ISN,INE614B01018
ISN,INE389H01022
ISN,INE878B01027
ISN,INE634I01029
ISN,INE094I01018
ISN,INE001B01026
ISN,INE999A01015
ISN,INE237A01028
ISN,INE455I01029
ISN,INE059D01020
ISN,INE018A01030
ISN,INE947Q01028
ISN,INE970X01018
ISN,INE115A01026
ISN,INE473A01011
ISN,INE269B01029
ISN,INE214T01019
ISN,INE010V01017
ISN,INE498L01015
ISN,INE326A01037
ISN,INE150G01020
ISN,INE998I01010
ISN,INE101A01026
ISN,INE536H01010
ISN,INE766P01016
ISN,INE348L01012
ISN,INE180A01020
ISN,INE356A01018
ISN,INE745G01035
ISN,INE112L01020
ISN,INE002S01010
ISN,INE288A01013
ISN,INE271B01025
ISN,INE842C01021
ISN,INE018I01017
ISN,INE099Z01011
ISN,INE774D01024
ISN,INE123F01029
ISN,INE405E01023
ISN,INE522D01027
ISN,INE338I01027
ISN,INE490G01020
ISN,INE775A01035
ISN,INE196A01026
ISN,INE883A01011
ISN,INE103A01014
ISN,INE585B01010
ISN,INE414G01012
ISN,INE048G01026
ISN,INE870D01012
ISN,INE139A01034
ISN,INE410P01011
ISN,INE987B01026
ISN,INE060A01024
ISN,INE095N01031
ISN,INE868B01028
ISN,INE870H01013
ISN,INE239A01016
ISN,INE848E01016
ISN,INE298J01013
ISN,INE310A01015
ISN,INE589A01014
ISN,INE584A01023
ISN,INE163A01018
ISN,INE317F01035
ISN,INE733E01010
ISN,INE093I01010
ISN,INE274J01014
ISN,INE800H01010
ISN,INE213A01029
ISN,INE142Z01019
ISN,INE876N01018
ISN,INE881D01027
ISN,INE743M01012
ISN,INE761H01022
ISN,INE262H01013
ISN,INE182A01018
ISN,INE752E01010
ISN,INE602A01023
ISN,INE211B01039
ISN,INE318A01026
ISN,INE603J01030
ISN,INE140A01024
ISN,INE205C01021
ISN,INE347G01014
ISN,INE633B01018
ISN,INE572E01012
ISN,INE160A01022
ISN,INE195J01029
ISN,INE455K01017
ISN,INE074A01025
ISN,INE811K01011
ISN,INE010A01011
ISN,INE179A01014
ISN,INE199A01012
ISN,INE488V01015
ISN,INE877F01012
ISN,INE191H01014
ISN,INE134E01011
ISN,INE615P01015
ISN,INE944F01028
ISN,INE855B01025
ISN,INE415G01027
ISN,INE613A01020
ISN,INE976G01028
ISN,INE020B01018
ISN,INE891D01026
ISN,INE089A01023
ISN,INE002A01018
ISN,INE343B01030
ISN,INE320J01015
ISN,INE131B01039
ISN,INE703B01027
ISN,INE027A01015
ISN,INE301A01014
ISN,INE114A01011
ISN,INE058A01010
ISN,INE062A01020
ISN,INE018E01016
ISN,INE123W01016
ISN,INE513A01014
ISN,INE109A01011
ISN,INE659A01023
ISN,INE839M01018
ISN,INE807F01027
ISN,INE070A01015
ISN,INE722A01011
ISN,INE916U01025
ISN,INE790G01031
ISN,INE498B01024
ISN,INE683A01023
ISN,INE003A01024
ISN,INE285J01028
ISN,INE002L01015
ISN,INE640A01023
ISN,INE343H01029
ISN,INE660A01013
ISN,INE387A01021
ISN,INE671H01015
ISN,INE269A01021
ISN,INE624Z01016
ISN,INE285B01017
ISN,INE232I01014
ISN,INE663A01017
ISN,INE647A01010
ISN,INE939A01011
ISN,INE721A01013
ISN,INE460H01021
ISN,INE00M201021
ISN,INE089C01029
ISN,INE258G01013
ISN,INE044A01036
ISN,INE805D01034
ISN,INE399C01030
ISN,INE195A01028
ISN,INE424H01027
ISN,INE03QK01018
ISN,INE040H01021
ISN,INE665A01038
ISN,INE277A01016
ISN,INE225D01027
ISN,INE398R01022
ISN,INE488B01017
ISN,INE192A01025
ISN,INE493A01027
ISN,INE155A01022
ISN,IN9155A01020
ISN,INE151A01013
ISN,INE824B01021
ISN,INE974X01010
ISN,INE586V01016
ISN,INE778U01029
ISN,INE467B01029
ISN,INE669C01036
ISN,INE470Y01017
ISN,INE152A01029
ISN,INE594H01019
ISN,INE325A01013
ISN,INE672A01018
ISN,INE081A01012
ISN,INE280A01028
ISN,INE985S01024
ISN,INE470A01017
ISN,INE813H01021
ISN,INE685A01028
ISN,INE331A01037
ISN,INE849A01020
ISN,INE064C01022
ISN,INE092A01019
ISN,INE670A01012
ISN,INE690A01010
ISN,INE245A01021
ISN,INE886H01027
ISN,INE494B01023
ISN,INE038F01029
ISN,INE686F01025
ISN,INE691A01018
ISN,INE516A01017
ISN,INE551W01018
ISN,INE334L01012
ISN,INE481G01011
ISN,INE692A01016
ISN,INE854D01024
ISN,INE628A01036
ISN,INE884A01027
ISN,INE051B01021
ISN,INE200M01013
ISN,INE665L01035
ISN,INE825A01012
ISN,INE398A01010
ISN,INE951I01027
ISN,INE054A01027
ISN,INE665J01013
ISN,INE410B01037
ISN,INE669E01016
ISN,INE226A01021
ISN,INE366I01010
ISN,INE710A01016
ISN,INE342J01019
ISN,INE049B01025
ISN,INE274F01020
ISN,INE191B01025
ISN,INE716A01013
ISN,INE075A01022
ISN,INE192B01031
ISN,INE528G01035
ISN,INE256A01028
ISN,INE520A01027
ISN,INE768C01010
ISN,US2605661048
ISN,EU0009658202
ISN,GB00BNNLHW18
ISN,IT0001233417
ISN,IT0004056880
ISN,IT0003506190
ISN,IT0003261697
ISN,IT0001031084
ISN,IT0004776628
ISN,IT0005218380
ISN,IT0000066123
ISN,IT0001347308
ISN,NL0010545661
ISN,NL0015435975
ISN,IT0003492391
ISN,IT0003128367
ISN,IT0003132476
ISN,NL0012059018
ISN,NL0011585146
ISN,IT0000072170
ISN,IT0000062072
ISN,IT0001250932
ISN,IT0001078911
ISN,IT0000072618
ISN,IT0005090300
ISN,IT0005211237
ISN,IT0003856405
ISN,IT0000062957
ISN,IT0004965148
ISN,IT0005366767
ISN,IT0005278236
ISN,IT0003796171
ISN,IT0004176001
ISN,IT0003828271
ISN,IT0005252140
ISN,IT0003153415
ISN,NL00150001Q9
ISN,NL0000226223
ISN,IT0003497168
ISN,LU0156801721
ISN,IT0003242622
ISN,IT0005239360
ISN,IT0004810054
ISN,US78378X1072
ISN,US00846U1016
ISN,US02376R1023
ISN,US00751Y1064
ISN,US0378331005
ISN,US00287Y1091
ISN,US03073E1055
ISN,US0036541003
ISN,US0028241000
ISN,IE00B4BNMY34
ISN,US00724F1012
ISN,US0326541051
ISN,US0394831020
ISN,US0530151036
ISN,US0527691069
ISN,US0236081024
ISN,US0255371017
ISN,US00130H1059
ISN,US0010551028
ISN,US0268747849
ISN,US04621X1081
ISN,US3635761097
ISN,US00971T1016
ISN,US0126531013
ISN,US0162551016
ISN,US0116591092
ISN,US0200021014
ISN,IE00BFRT3W74
ISN,US0153511094
ISN,US0382221051
ISN,JE00BJ1F3079
ISN,US0079031078
ISN,US0311001004
ISN,US0311621009
ISN,US03076C1062
ISN,US03027X1000
ISN,US0231351067
ISN,US0404131064
ISN,US03662Q1058
ISN,US0367521038
ISN,IE00BLP1HW54
ISN,US8318652091
ISN,US03743Q1085
ISN,US0091581068
ISN,US0320951017
ISN,JE00B783TY65
ISN,US0152711091
ISN,US0495601058
ISN,US00507V1098
ISN,US0534841012
ISN,US11135F1012
ISN,US0536111091
ISN,US0304201033
ISN,US0258161092
ISN,US0533321024
ISN,US0970231058
ISN,US0605051046
ISN,US0718131099
ISN,US0865161014
ISN,US0758871091
ISN,US3546131018
ISN,US1156372096
ISN,US09062X1037
ISN,US0905722072
ISN,US0640581007
ISN,US09857L1089
ISN,US05722G1004
ISN,US09247X1019
ISN,US0584981064
ISN,US1101221083
ISN,US11133T1034
ISN,US0846707026
ISN,US1011371077
ISN,US0997241064
ISN,US1011211018
ISN,US1729674242
ISN,US2058871029
ISN,US14149Y1082
ISN,US14448C1045
ISN,US1491231015
ISN,CH0044328745
ISN,US12503M1080
ISN,US12504L1098
ISN,US22822V1017
ISN,PA1436583006
ISN,US1273871087
ISN,US12514G1085
ISN,US1508701034
ISN,US1567821046
ISN,US1252691001
ISN,US1746101054
ISN,US1713401024
ISN,US12541W2098
ISN,US16119P1084
ISN,US1255231003
ISN,US1720621010
ISN,US1941621039
ISN,US1890541097
ISN,US2003401070
ISN,US20030N1019
ISN,US12572Q1058
ISN,US1696561059
ISN,US2310211063
ISN,US1258961002
ISN,US15135B1017
ISN,US15189T1079
ISN,US14040H1059
ISN,US1270971039
ISN,US2166484020
ISN,US20825C1045
ISN,US22160K1051
ISN,US1344291091
ISN,US2172041061
ISN,US1598641074
ISN,US79466L3024
ISN,US17275R1023
ISN,US1264081035
ISN,US1729081059
ISN,US1488061029
ISN,US1924461023
ISN,US22052L1044
ISN,US1773761002
ISN,US1266501006
ISN,US1667641005
ISN,US12769G1004
ISN,US25746U1097
ISN,US2473617023
ISN,US26614N1028
ISN,US2441991054
ISN,US2547091080
ISN,US2566771059
ISN,US74834L1008
ISN,US23331A1097
ISN,US2358511028
ISN,US2546871060
ISN,US25470F1049
ISN,US25470F3029
ISN,US25470M1099
ISN,US2538681030
ISN,US2567461080
ISN,US2600031080
ISN,US2605571031
ISN,US25754A2015
ISN,US2644115055
ISN,US2371941053
ISN,US2333311072
ISN,US26441C2044
ISN,US23918K1088
ISN,US25179M1036
ISN,US23355L1061
ISN,US2521311074
ISN,US2855121099
ISN,US2786421030
ISN,US2788651006
ISN,US2091151041
ISN,US2944291051
ISN,US2810201077
ISN,US5184391044
ISN,US2774321002
ISN,US2910111044
ISN,US29355A1079
ISN,US26875P1012
ISN,US29444U7000
ISN,US29476L1070
ISN,US30040W1080
ISN,US2971781057
ISN,IE00B8KQN827
ISN,US29364G1031
ISN,US29786A1060
ISN,US30034W1062
ISN,US28176E1082
ISN,US30161N1019
ISN,US3021301094
ISN,US30212P3038
ISN,US30225T1025
ISN,US3453708600
ISN,US25278X1090
ISN,US3119001044
ISN,US30303M1027
ISN,US34964C1062
ISN,US35671D8570
ISN,US31428X1063
ISN,US3379321074
ISN,US3156161024
ISN,US31620M1062
ISN,US3377381088
ISN,US3167731005
ISN,US3390411052
ISN,US3024913036
ISN,US35137L2043
ISN,US35137L1052
ISN,US33616C1009
ISN,US3137472060
ISN,US34959E1091
ISN,US34959J1088
ISN,US3695501086
ISN,US3696041033
ISN,US3755581036
ISN,US3703341046
ISN,US37959E1029
ISN,US2193501051
ISN,US37045V1008
ISN,US3687361044
ISN,US02079K1079
ISN,US02079K3059
ISN,US3724601055
ISN,US37940X1028
ISN,US3647601083
ISN,CH0114405324
ISN,US38141G1040
ISN,US3848021040
ISN,US4062161017
ISN,US4180561072
ISN,US4461501045
ISN,US4103451021
ISN,US40412C1018
ISN,US4370761029
ISN,US42809H1077
ISN,US4361061082
ISN,US4165151048
ISN,US4464131063
ISN,US43300A2033
ISN,US4364401012
ISN,US4385161066
ISN,US42824C1099
ISN,US40434L1052
ISN,US4404521001
ISN,US8064071025
ISN,US44107P1049
ISN,US4278661081
ISN,US4448591028
ISN,US4432011082
ISN,US4592001014
ISN,US45866F1049
ISN,US45168D1046
ISN,US45167R1041
ISN,US4595061015
ISN,US4523271090
ISN,US45337C1027
ISN,BMG475671050
ISN,US4581401001
ISN,US4612021034
ISN,US4601461035
ISN,US4606901001
ISN,US44980X1090
ISN,US46266C1053
ISN,US45687V1061
ISN,US46284V1017
ISN,US46120E6023
ISN,US3666511072
ISN,US4523081093
ISN,BMG491BT1088
ISN,US4698141078
ISN,US4456581077
ISN,IE00BY7QL619
ISN,US4262811015
ISN,US4781601046
ISN,US48203R1041
ISN,US46625H1005
ISN,US4878361082
ISN,US4932671088
ISN,US49338L1035
ISN,US5007541064
ISN,US49446R1095
ISN,US4824801009
ISN,US4943681035
ISN,US49456B1017
ISN,US1431301027
ISN,US1912161007
ISN,US5010441013
ISN,US4851703029
ISN,US5404241086
ISN,US5017971046
ISN,US5253271028
ISN,US5246601075
ISN,US5260571048
ISN,US50540R4092
ISN,US5024311095
ISN,IE00BZ12WP82
ISN,US5018892084
ISN,US5324571083
ISN,US5398301094
ISN,US5341871094
ISN,US0188021085
ISN,US5486611073
ISN,US5128071082
ISN,US5502411037
ISN,US8447411088
ISN,US5178341070
ISN,US5132721045
ISN,NL0009434992
ISN,US5380341090
ISN,US57636Q1040
ISN,US59522J1034
ISN,US5719032022
ISN,US5745991068
ISN,US5801351017
ISN,US5950171042
ISN,US58155Q1031
ISN,US6153691059
ISN,US6092071058
ISN,IE00BTN1Y115
ISN,US59156R1086
ISN,US5529531015
ISN,US6081901042
ISN,US5797802064
ISN,US57060D1081
ISN,US5732841060
ISN,US5717481023
ISN,US88579Y1010
ISN,US61174X1090
ISN,US02209S1033
ISN,US61945C1036
ISN,US56585A1025
ISN,US6098391054
ISN,US58933Y1055
ISN,US5658491064
ISN,US6174464486
ISN,US55354G1004
ISN,US5949181045
ISN,US6200763075
ISN,US55261F1049
ISN,US5926881054
ISN,US5951121038
ISN,US57772K1016
ISN,BMG667211046
ISN,US6311031081
ISN,US65339F1012
ISN,US6516391066
ISN,US64110L1061
ISN,US65473P1057
ISN,US6541061031
ISN,US6687711084
ISN,GB00BWFY5505
ISN,US6668071029
ISN,US62955J1034
ISN,US81762P1021
ISN,US6293775085
ISN,US6558441084
ISN,US64110D1046
ISN,US6658591044
ISN,US6703461052
ISN,US67066G1040
ISN,US62944T1051
ISN,US6512291062
ISN,US65249B2088
ISN,US65249B1098
ISN,NL0009538784
ISN,US7561091049
ISN,US6795801009
ISN,US6826801036
ISN,US6819191064
ISN,US68389X1054
ISN,US67103H1077
ISN,US68902V1070
ISN,US6745991058
ISN,US70432V1026
ISN,US7043261079
ISN,US7127041058
ISN,US6937181088
ISN,US42250P1030
ISN,US7445731067
ISN,US7075691094
ISN,US7134481081
ISN,US7170811035
ISN,US74251V1026
ISN,US7427181091
ISN,US7433151039
ISN,US7010941042
ISN,US7458671010
ISN,US6951561090
ISN,US7140461093
ISN,US74340W1036
ISN,US7181721090
ISN,US6934751057
ISN,IE00BLS09M33