Isin,US9720011017
Isin,US36464W1027
Isin,US52469F1350
Isin,US31638R2040
Isin,US2620014314
Isin,US87505V3978
Isin,US52469E1047
Isin,US00141B5848
Isin,US22235L2034
Isin,US63867R6210
Isin,GB0009223206
Isin,GB00BWFGQN14
Isin,GB0007908733
Isin,GB0004082847
Isin,GB00B1FH8J72
Isin,GB00BLGZ9862
Isin,GB0008782301
Isin,GB00B10RZP78
Isin,GB00B39J2M42
Isin,GB00BH4HKS39
Isin,XS2168615313
Isin,XS1872028177
Isin,XS2065522398
Isin,DE000A3E44N7
Isin,XS2000719729
Isin,XS2269112863
Isin,US23975HAN52
Isin,XS1426780125
Isin,XS2287912880
Isin,XS1794196888
Isin,US983098AA24
Isin,US983098AB07
Isin,US98322PJF71
Isin,US98322PJG54
Isin,US973891FT69
Isin,US973891FU33
Isin,US974399CM72
Isin,US974399CN55
Isin,US974458CA74
Isin,US975392AL53
Isin,CH0146319451
Isin,CH0183154514
Isin,CH0183155800
Isin,CH0183155818
Isin,CH0183157426
Isin,CH0187193492
Isin,CH0187194730
Isin,CH0187194755
Isin,CH0187194763
Isin,CH0187194789