Isin,CH0000456357
Isin,CH0000456365
Isin,DE0001084168
Isin,DE0007093387
Isin,DE0007093361
Isin,DE0007093429
Isin,DE0007093353
Isin,DE0007093411
Isin,DE0007093395
Isin,DE0007093445
Isin,DE0007093460
Isin,DE0007093379
Isin,DE0007873234
Isin,DE0007873333
Isin,DE0007873259
Isin,CH0012189293
Isin,CH0012591027
Isin,CH0012591068
Isin,CH0012591084
Isin,CH0012591019
Isin,CH0012591043
Isin,CH0012591035
Isin,CH0012591118
Isin,CH0012591001
Isin,CH0012591126
Isin,CH0012591092
Isin,DE0007873226
Isin,DE0007873200
Isin,DE0007873309
Isin,DE0007873432
Isin,DE0007873408
Isin,DE0007873366
Isin,DE0007873382
Isin,DE0007873424
Isin,DE0007873457
Isin,DE0007873416
Isin,DE0007873341
Isin,DE0007873390
Isin,DE0007873440
Isin,DE0007873358
Isin,DE0007873374
Isin,CH0000337177
Isin,CH0000333671
Isin,CH0012745979
Isin,DE0007873291
Isin,DE0007873317
Isin,CH0012803265
Isin,CH0013042301
Isin,CH0013183790
Isin,CH0013127300
Isin,DE0001742195
Isin,DE0001742203
Isin,DE0001742211
Isin,DE0001742229
Isin,DE0001742237
Isin,DE0001742245
Isin,DE0001742252
Isin,DE0001742260
Isin,DE0001742278
Isin,DE0001742286
Isin,DE0001742294
Isin,DE0001742302
Isin,DE0001742310
Isin,DE0001742328
Isin,DE0001742336
Isin,DE0001742344
Isin,DE0001742351
Isin,DE0001742369
Isin,CH0013211526
Isin,CH0013211534
Isin,CH0013211542
Isin,DE0006418197
Isin,DE0006418205
Isin,DE0006418213
Isin,DE0006418221
Isin,DE0006418239
Isin,DE0006418247
Isin,DE0006418254
Isin,DE0006418262
Isin,DE0006418270
Isin,DE0006418288
Isin,DE0006418296
Isin,DE0006418304
Isin,DE0006418312
Isin,DE0006418320
Isin,DE0006418338
Isin,DE0006418346
Isin,DE0006418353
Isin,DE0006418361
Isin,DE0006418460
Isin,DE0006418478
Isin,DE0006418486
Isin,DE0006418494
Isin,DE0006418502
Isin,DE0006418528
Isin,DE0006418544
Isin,DE0006418551
Isin,CH0013615668
Isin,CH0013633166
Isin,CH0013708448
Isin,CH0013802720
Isin,CH0013418352
Isin,CH0013930216
Isin,CH0014092065
Isin,CH0014176900
Isin,CH0014316233
Isin,CH0014326133
Isin,CH0014351701
Isin,CH0014361429
Isin,CH0014361452
Isin,CH0014361395
Isin,CH0014361411
Isin,CH0014361460
Isin,CH0014361486
Isin,CH0014361437
Isin,CH0014361445
Isin,CH0014361387
Isin,CH0014361403
Isin,CH0014361478
Isin,DE0006419633
Isin,CH0014629361
Isin,CH0014629379
Isin,CH0014686668
Isin,CH0014687260
Isin,CH0014686791
Isin,CH0014686478
Isin,CH0014687120
Isin,CH0014687039
Isin,CH0015185876
Isin,CH0015147637
Isin,CH0015257618
Isin,CH0015231928
Isin,CH0015340703
Isin,CH0015666156
Isin,CH0015666164
Isin,CH0015666172
Isin,CH0015689794
Isin,CH0015689802
Isin,CH0015689836
Isin,CH0015689828
Isin,CH0015898320
Isin,CH0015936393
Isin,CH0016017037
Isin,CH0015819904
Isin,CH0016057728
Isin,CH0016066836
Isin,CH0016228220
Isin,CH0016144203
Isin,GB0076137461
Isin,CH0016312370
Isin,CH0016192053
Isin,CH0016146117
Isin,CH0016269984
Isin,NL0000312270
Isin,NL0000312528
Isin,NL0000312544
Isin,GB0076847648
Isin,CH0016874189
Isin,CH0016806058
Isin,CH0016806066
Isin,CH0017177061
Isin,CH0017177087
Isin,CH0017177145
Isin,CH0017177053
Isin,CH0017177103
Isin,CH0017177178
Isin,CH0017177129
Isin,CH0017177152
Isin,CH0017177111
Isin,CH0017177095
Isin,CH0017177038
Isin,CH0017177046
Isin,CH0017177210
Isin,CH0017177269
Isin,CH0017177285
Isin,CH0017177251
Isin,CH0017177194
Isin,CH0017177301
Isin,CH0017177293
Isin,CH0017177277
Isin,CH0017177186
Isin,CH0017177236
Isin,CH0017177202
Isin,CH0017281079
Isin,CH0017328987
Isin,CH0017404796
Isin,CH0017411734
Isin,CH0017411742
Isin,CH0017411833
Isin,CH0017411700
Isin,CH0017411775
Isin,CH0017411791
Isin,CH0017411809
Isin,CH0017411726
Isin,CH0017411759
Isin,CH0017411783
Isin,CH0017411817
Isin,DE0008223512
Isin,CH0017235828
Isin,CH0017509164
Isin,CH0017509180
Isin,CH0017509172
Isin,CH0017819944
Isin,CH0017820116
Isin,CH0017819886
Isin,CH0017823367
Isin,CH0017825131
Isin,CH0017825149
Isin,CH0017825107
Isin,CH0017825156
Isin,CH0017825115
Isin,CH0017825164
Isin,CH0017825214
Isin,CH0017825172
Isin,CH0017825198
Isin,CH0017825222
Isin,CH0017760601
Isin,CH0017760403
Isin,CH0017825206
Isin,CH0017760452
Isin,CH0017760577
Isin,CH0017760650
Isin,CH0017825248
Isin,CH0017825180
Isin,CH0017760304
Isin,CH0017820033
Isin,CH0017820066
Isin,CH0017820074
Isin,CH0017820090
Isin,CH0017659365
Isin,CH0017972958
Isin,CH0017815017
Isin,CH0017941094
Isin,CH0017941110
Isin,CH0017941102
Isin,CH0017233757
Isin,CH0017233765
Isin,CH0018065315
Isin,CH0017233773
Isin,CH0017995074
Isin,CH0017995058
Isin,CH0018378890
Isin,CH0018379427
Isin,CH0018379500
Isin,CH0018379559
Isin,CH0018378528
Isin,CH0018379112
Isin,CH0018379351
Isin,CH0018379997
Isin,CH0018379294
Isin,CH0018379443
Isin,CH0018391125
Isin,CH0018391109
Isin,CH0018391133
Isin,CH0018391141
Isin,NL0000308344
Isin,CH0018420940
Isin,CH0018451556
Isin,CH0018530110
Isin,CH0018530052
Isin,CH0018530011
Isin,CH0013211559
Isin,CH0018433273
Isin,CH0018688546
Isin,CH0018549300
Isin,CH0018706967
Isin,CH0018707015
Isin,CH0018706819
Isin,CH0018786118
Isin,CH0018785987
Isin,CH0018786035
Isin,CH0018786209
Isin,CH0018785953
Isin,CH0018786076
Isin,CH0018786092
Isin,CH0018786159
Isin,CH0018786100
Isin,CH0018786175
Isin,CH0018785995
Isin,CH0018786050
Isin,CH0018785938
Isin,CH0018786019
Isin,CH0018786183
Isin,CH0018785920
Isin,CH0018785979
Isin,CH0018786134
Isin,CH0018785946
Isin,CH0018907284
Isin,CH0018919735
Isin,CH0018907185
Isin,CH0018906633
Isin,CH0018847597
Isin,CH0018847589
Isin,CH0018794344
Isin,CH0018957719
Isin,CH0019023214
Isin,CH0019023263
Isin,CH0019023339
Isin,CH0019023222
Isin,CH0019023255
Isin,CH0019023206
Isin,CH0019023230
Isin,CH0019023248
Isin,CH0019023321
Isin,DE000DR0BJL1
Isin,DE000DR0BJV0
Isin,DE000DR0BJT4
Isin,DE000DR0BJP2
Isin,DE000DR0BJW8
Isin,DE000DR0BJR8
Isin,DE000DR0BJS6
Isin,DE000DR0BJU2
Isin,DE000DR0BJN7
Isin,DE000DR0BJM9
Isin,DE000DR0BJQ0
Isin,CH0019110532
Isin,CH0018964582
Isin,CH0018964368
Isin,CH0019094652
Isin,CH0019137964
Isin,CH0019137980
Isin,CH0019138020
Isin,CH0019138012
Isin,CH0019137972
Isin,CH0019137998
Isin,CH0019138004
Isin,CH0019138053
Isin,CH0019138087
Isin,CH0019138103
Isin,CH0019138038
Isin,CH0019138079
Isin,CH0018817475
Isin,CH0018817483
Isin,CH0018817491
Isin,CH0019241907
Isin,CH0019253183
Isin,CH0019133120
Isin,CH0019287132
Isin,NL0000414720
Isin,CH0019281937
Isin,CH0019280285
Isin,CH0019281929
Isin,CH0018895455
Isin,CH0018895430
Isin,CH0019321816
Isin,CH0019408621
Isin,CH0019408233
Isin,CH0019408407
Isin,CH0019408555
Isin,CH0019408449
Isin,CH0019408068
Isin,CH0019408159
Isin,CH0019408209
Isin,CH0019408365
Isin,CH0019408639
Isin,CH0019408662
Isin,CH0019412235
Isin,CH0019436671
Isin,CH0019582565
Isin,CH0019582581
Isin,CH0019632451
Isin,CH0019632444
Isin,CH0019835294
Isin,CH0019884599
Isin,CH0019884565
Isin,CH0019884581
Isin,CH0019894713
Isin,CH0019858544
Isin,CH0019858569
Isin,CH0019858585
Isin,CH0019858601
Isin,CH0019744512
Isin,CH0019858577
Isin,CH0019858593
Isin,CH0019744496
Isin,CH0019975744
Isin,CH0019960134
Isin,CH0019226577
Isin,CH0019744504
Isin,CH0019858635
Isin,CH0019858643
Isin,CH0019822292
Isin,CH0019858619
Isin,CH0019952230
Isin,GB00B03TGN88
Isin,CH0019858627
Isin,CH0019967667
Isin,CH0019862660
Isin,CH0019862637
Isin,CH0019862652
Isin,CH0019891842
Isin,CH0020057847
Isin,CH0020040389
Isin,CH0020040371
Isin,CH0020040397
Isin,CH0020157829
Isin,CH0020157787
Isin,CH0020186448
Isin,CH0020186455
Isin,CH0019928289
Isin,CH0020111263
Isin,CH0020359698
Isin,CH0020359789
Isin,CH0020402498
Isin,CH0020382245
Isin,CH0020382286
Isin,CH0020402118
Isin,CH0020414071
Isin,CH0020423627
Isin,CH0020423593
Isin,CH0020424443
Isin,CH0020094279
Isin,CH0020468275
Isin,CH0020494420
Isin,CH0020494511
Isin,CH0020494560
Isin,CH0020494529
Isin,CH0020494552
Isin,CH0020526924
Isin,CH0020494412
Isin,CH0020494487
Isin,CH0020494404
Isin,CH0020494453
Isin,CH0020494354
Isin,CH0020494446
Isin,CH0020494438
Isin,CH0020494388
Isin,CH0020494370
Isin,CH0020494503
Isin,CH0020494578
Isin,CH0020516040
Isin,CH0020510944
Isin,CH0020556798
Isin,CH0020394950
Isin,CH0020557481
Isin,CH0020393291
Isin,CH0020557507
Isin,CH0020624109
Isin,CH0020412513
Isin,CH0020656689
Isin,CH0020300551
Isin,CH0020631609
Isin,CH0020690670
Isin,CH0020700248
Isin,CH0020575202
Isin,CH0020700271
Isin,CH0020707664
Isin,GB00B0597005
Isin,CH0020697931
Isin,CH0020768468
Isin,CH0020548274
Isin,CH0020700461
Isin,CH0020703572
Isin,CH0020614936
Isin,CH0020639677
Isin,CH0020639685
Isin,CH0020712722
Isin,GB00B06D3702
Isin,CH0020749559
Isin,CH0020749542
Isin,CH0020872427
Isin,CH0020643141
Isin,CH0020781032
Isin,CH0020973696
Isin,CH0020986169
Isin,CH0021006975
Isin,CH0021006983
Isin,CH0020872047
Isin,CH0020860661
Isin,CH0020872146
Isin,CH0020860604
Isin,CH0021069783
Isin,DE000DR0DB72
Isin,CH0021069585
Isin,CH0021069510
Isin,GB00B06ZWD55
Isin,CH0020900715
Isin,GB00B06ZW915
Isin,CH0021175366
Isin,CH0021215196
Isin,CH0021304172
Isin,CH0020993421
Isin,CH0021194250
Isin,CH0020993447
Isin,CH0021270860
Isin,CH0021271116
Isin,CH0021271652
Isin,CH0021270993
Isin,CH0021271439
Isin,CH0021271538
Isin,CH0021270944
Isin,CH0021271561
Isin,CH0021270647
Isin,CH0020526411
Isin,GB00B07PZR99
Isin,GB00B07PZV36
Isin,GB00B07PZT14
Isin,GB00B07PZP75
Isin,GB00B07PZQ82
Isin,GB00B07PZL38
Isin,GB00B07T4K71
Isin,NL0000191500
Isin,NL0000191518
Isin,CH0021377467
Isin,CH0021377095
Isin,CH0021463127
Isin,CH0020495351
Isin,CH0021600587
Isin,GB00B08HJ726
Isin,GB00B08HJJ49
Isin,GB00B08HMD99
Isin,GB00B08HJ502
Isin,GB00B08HJ833
Isin,GB00B08HLQ53
Isin,GB00B08HL094
Isin,GB00B08HJB62
Isin,GB00B08HKB36
Isin,CH0021622763
Isin,CH0021614646
Isin,CH0021614364
Isin,CH0021614380
Isin,CH0021622920
Isin,CH0021614372
Isin,CH0021614414
Isin,CH0021614323
Isin,CH0021582322
Isin,CH0021614406
Isin,CH0021614331
Isin,CH0021614356
Isin,CH0021674004
Isin,CH0021674012
Isin,CH0021695074
Isin,CH0021769481
Isin,CH0021757247
Isin,CH0021769408
Isin,CH0021757163
Isin,CH0021886434
Isin,CH0021861478
Isin,CH0021919755
Isin,CH0021919672
Isin,CH0021812984
Isin,CH0021931834
Isin,CH0021804064
Isin,CH0021980906
Isin,CH0021943425
Isin,CH0021676512
Isin,CH0021907297
Isin,CH0022044116
Isin,CH0022044025
Isin,CH0022044108
Isin,CH0022044140
Isin,CH0022044132
Isin,CH0022044082
Isin,CH0021943995
Isin,CH0022138116
Isin,CH0022138124
Isin,CH0022166604
Isin,CH0022123134
Isin,CH0021261695
Isin,CH0021784910
Isin,CH0022107483
Isin,CH0021359424
Isin,CH0022152422
Isin,CH0022240102
Isin,CH0021923146
Isin,CH0022271123
Isin,CH0022271115
Isin,CH0022214149
Isin,CH0022214222
Isin,GB00B0F8WF76
Isin,CH0022268699
Isin,CH0022401423
Isin,CH0022401456
Isin,CH0022401464
Isin,CH0022401449
Isin,CH0022401431
Isin,CH0022401472
Isin,CH0022401498
Isin,CH0022401506
Isin,CH0022401514
Isin,CH0022401563
Isin,CH0022401589
Isin,CH0022401548
Isin,CH0022401530
Isin,CH0022401571
Isin,CH0022401522
Isin,CH0022401555
Isin,CH0022401613
Isin,CH0022401662
Isin,CH0022401597
Isin,CH0022401639
Isin,CH0022401621
Isin,CH0022322587
Isin,CH0022401647
Isin,CH0022401654
Isin,CH0022401605
Isin,CH0022434119
Isin,CH0022434333
Isin,CH0022470998
Isin,CH0022473992
Isin,CH0022488560
Isin,GB00B0GV6B99
Isin,CH0022486119
Isin,CH0022438813
Isin,CH0022284316
Isin,CH0022055781
Isin,CH0021711798
Isin,CH0022503202
Isin,CH0021479925
Isin,CH0022503194
Isin,CH0022527284
Isin,CH0022519588
Isin,CH0022483462
Isin,CH0022591074
Isin,CH0022590928
Isin,CH0022590951
Isin,CH0022591017
Isin,CH0022590993
Isin,CH0022590985
Isin,CH0022590886
Isin,CH0022591082
Isin,CH0022590894
Isin,CH0022591009
Isin,CH0022591066
Isin,CH0022590969
Isin,CH0022602947
Isin,CH0022590944
Isin,CH0022590936
Isin,CH0022600925
Isin,CH0022591041
Isin,CH0022553389
Isin,CH0022553157
Isin,CH0022580861
Isin,CH0022580887
Isin,CH0022580853
Isin,CH0022481938
Isin,GB00B0HYH706
Isin,CH0022609652
Isin,CH0022609611
Isin,CH0022609728
Isin,CH0022609702
Isin,CH0022609686
Isin,CH0022690256
Isin,CH0022690611
Isin,CH0022534702
Isin,CH0022194507
Isin,CH0022727108
Isin,CH0022727116
Isin,CH0022625062
Isin,CH0022748849
Isin,CH0022748930
Isin,CH0022763343
Isin,CH0022763202
Isin,GB00B0L2PK98
Isin,XS0228626775
Isin,CH0022904095
Isin,CH0022738162
Isin,CH0022783531
Isin,GB00B0LGHM77
Isin,GB00B0LGHN84
Isin,GB00B0LGHQ16
Isin,GB00B0LGHS30
Isin,GB00B0LGJY30
Isin,GB00B0LGKH38
Isin,CH0022688524
Isin,CH0022918475
Isin,CH0022669078
Isin,CH0022669086
Isin,CH0022700253
Isin,CH0022700907
Isin,CH0022983701
Isin,CH0022983727
Isin,CH0022983719
Isin,CH0022934480
Isin,CH0022934498
Isin,CH0022934647
Isin,CH0022934738
Isin,CH0022963661
Isin,CH0022934779
Isin,CH0023012625
Isin,CH0023012633
Isin,GB00B0HBXV77
Isin,CH0023055681
Isin,CH0022969718
Isin,CH0022994658
Isin,GB00B0JJW231
Isin,GB00B085WD39
Isin,CH0023034157
Isin,CH0023034322
Isin,CH0023034439
Isin,CH0023002428
Isin,CH0023156950
Isin,CH0022977893
Isin,CH0023170720
Isin,CH0022726928
Isin,CH0022726951
Isin,CH0023158071
Isin,CH0022726902
Isin,CH0023013508
Isin,CH0023013623
Isin,CH0023013805
Isin,CH0023208041
Isin,CH0021274946
Isin,GB00B0M28L07
Isin,GB00B0MV7R64
Isin,GB00B0MV8398
Isin,CH0023230276
Isin,CH0023257618
Isin,CH0022976226
Isin,CH0023257600
Isin,GB00B0MJC971
Isin,CH0023204529
Isin,CH0023290650
Isin,CH0023290627
Isin,CH0023290247
Isin,CH0023290700
Isin,CH0023290213
Isin,CH0023290171
Isin,CH0023292391
Isin,CH0023195081
Isin,CH0023200063
Isin,CH0023090852
Isin,CH0023159970
Isin,GB00B0PSM792
Isin,GB00B0PSLX88
Isin,GB00B0PSLY95
Isin,GB00B0PSLZ03
Isin,GB00B0PSM024
Isin,GB00B0PSM131
Isin,GB00B0PSM248
Isin,GB00B0PSM354
Isin,GB00B0PSM461
Isin,GB00B0PSM578
Isin,GB00B0PSM685
Isin,GB00B0PSLW71
Isin,CH0023406991
Isin,CH0023421156
Isin,CH0023421172
Isin,CH0023421164
Isin,GB00B0PPDV18
Isin,GB00B0N0N302
Isin,GB00B0Q99J27
Isin,GB00B0Q98732
Isin,GB00B0Q9BD04
Isin,GB00B0Q98179
Isin,GB00B0Q98401
Isin,CH0023479840
Isin,CH0023469361
Isin,CH0023469445
Isin,CH0023469346
Isin,CH0023469387
Isin,CH0023469429
Isin,CH0023469403
Isin,CH0023472696
Isin,GB00B0NR8476
Isin,GB00B0P0HC59
Isin,GB00B0RWZW51
Isin,GB00B0RX0018
Isin,GB00B0RWZY75
Isin,GB00B0RX0232
Isin,GB00B0RWSQ09
Isin,GB00B0RWSN77
Isin,GB00B0RWSS23
Isin,GB00B0RWSG01
Isin,GB00B0RWSY82
Isin,GB00B0RWST30
Isin,GB00B0RWSK47
Isin,GB00B0RWSM60
Isin,GB00B0RWSW68
Isin,GB00B0RWSZ99
Isin,DE000SBL26A7
Isin,DE000SBL26B5
Isin,DE000SBL26C3
Isin,DE000SBL26D1
Isin,GB00B0MTT966
Isin,DE000SBL26E9
Isin,CH0023188375
Isin,CH0023604298
Isin,CH0023586834
Isin,CH0023000000
Isin,GB00B0PQHK16
Isin,GB00B0SMRC80
Isin,CH0023675926
Isin,CH0023665471
Isin,CH0023665463
Isin,DE000SBL2K56
Isin,DE000SBL2K64
Isin,CH0023431189
Isin,CH0023517243
Isin,DE000SBL2K72
Isin,DE000SBL2K80
Isin,DE000SBL2K98
Isin,DE000SBL2KX9
Isin,DE000SBL2KY7
Isin,CH0023691634
Isin,CH0023691642
Isin,CH0022889866
Isin,CH0023692764
Isin,CH0023692772
Isin,CH0023692798
Isin,CH0023745273
Isin,CH0023630210
Isin,CH0023738005
Isin,CH0023738013
Isin,CH0023435669
Isin,CH0023435099
Isin,CH0023435594
Isin,CH0023549394
Isin,CH0023435628
Isin,CH0023435578
Isin,CH0023435479
Isin,CH0023435552
Isin,CH0023435693
Isin,CH0023549667
Isin,CH0023435438
Isin,CH0023435701
Isin,CH0023435313
Isin,CH0023738286
Isin,CH0023738518
Isin,DE000SBL2SM5
Isin,DE000SBL2SN3
Isin,CH0023743500
Isin,CH0023702563
Isin,CH0023728071
Isin,GB00B0SC2901
Isin,GB00B0TMDF25
Isin,GB00B0SKHF57
Isin,GB00B0SKHD34
Isin,GB00B0SKH553
Isin,GB00B0SKHX30
Isin,GB00B0SKHB10
Isin,GB00B0SKHH71
Isin,GB00B0SKHK01
Isin,GB00B0SKH884
Isin,GB00B0SKHN32
Isin,GB00B0SKHL18
Isin,GB00B0SKH330
Isin,GB00B0SKH777
Isin,GB00B0SKH116
Isin,CH0023666925
Isin,CH0023666891
Isin,GB00B0SWFY60
Isin,GB00B0SWJV10
Isin,GB00B0TB0M55
Isin,GB00B0TB0L49
Isin,CH0023858753
Isin,CH0023858746
Isin,GB00B0TB0P86
Isin,CH0023862417
Isin,CH0023862391
Isin,CH0023862409
Isin,CH0023862383
Isin,CH0023851832
Isin,CH0023862425
Isin,GB00B0V2BV25
Isin,CH0023774182
Isin,GB00B0TNGR84
Isin,CH0023880450
Isin,CH0023880443
Isin,CH0023880468
Isin,CH0023880484
Isin,CH0023880492
Isin,GB00B0TL4K11
Isin,CH0023795013
Isin,CH0023821413
Isin,CH0023821439
Isin,CH0023741066
Isin,CH0023910992
Isin,CH0023872960
Isin,CH0023872895
Isin,CH0023956888
Isin,CH0023956854
Isin,CH0023977017
Isin,CH0023912121
Isin,CH0023912139
Isin,CH0023957381
Isin,CH0023912162
Isin,CH0023912154
Isin,GB00B0WCCC91
Isin,GB00B0WCC967
Isin,GB00B0WCCB84
Isin,GB00B0WCC850
Isin,CH0024005131
Isin,CH0024005149
Isin,CH0024005164
Isin,CH0024005172
Isin,CH0024005180
Isin,CH0023958215
Isin,CH0023958272
Isin,CH0023958181
Isin,CH0023958199
Isin,CH0023958132
Isin,CH0023958330
Isin,CH0023958124
Isin,CH0023958140
Isin,CH0023958165
Isin,CH0023958306
Isin,CH0023958298
Isin,CH0023958314
Isin,CH0023958249
Isin,CH0023958207
Isin,CH0023958231
Isin,CH0024031269
Isin,CH0024031277
Isin,CH0023958280
Isin,CH0024023688
Isin,CH0024058098
Isin,CH0024086537
Isin,CH0023958256
Isin,CH0024086610
Isin,CH0024086370
Isin,CH0024100957
Isin,CH0024086578
Isin,CH0024043926
Isin,CH0023693630
Isin,CH0023977884
Isin,CH0023977876
Isin,CH0023987339
Isin,CH0023977892
Isin,CH0023977900
Isin,CH0023987354
Isin,GB00B0WJ6404
Isin,GB00B0WJ6511
Isin,GB00B0WJ6289
Isin,CH0023850743
Isin,CH0024103712
Isin,GB00B0WHTX43
Isin,GB00B0WHTP68
Isin,GB00B0WHV271
Isin,GB00B0WHTZ66
Isin,GB00B0WHTY59
Isin,GB00B0WHV164
Isin,GB00B0WHV057
Isin,GB00B0WHV388
Isin,GB00B0WHTW36
Isin,GB00B0WHTQ75
Isin,GB00B0WHTV29
Isin,GB00B0WHTN45
Isin,GB00B0WHTT07
Isin,GB00B0WHTS99
Isin,GB00B0WHTR82
Isin,GB00B0WJ6396
Isin,GB00B0WJ6172
Isin,GB00B0WCK259
Isin,GB00B0WCKC59
Isin,GB00B0WCK366
Isin,GB00B0WCKD66
Isin,CH0024141126
Isin,CH0024018019
Isin,CH0024018035
Isin,CH0024018076
Isin,CH0024018084
Isin,CH0024018043
Isin,CH0024018050
Isin,CH0023850453
Isin,CH0024018464
Isin,CH0024018423
Isin,CH0024025758
Isin,GB00B0WCJW82
Isin,GB00B0WCK036
Isin,GB00B0WCJX99
Isin,GB00B0WCJY07
Isin,GB00B0WCK143
Isin,GB00B0WCJZ14
Isin,GB00B0WCKB43
Isin,GB00B0WCKF80
Isin,GB00B0WCK812
Isin,GB00B0WCK929
Isin,GB00B0WCK580
Isin,GB00B0WCK697
Isin,GB00B0WCJT53
Isin,GB00B0WCK473
Isin,GB00B0WCJV75
Isin,GB00B0WCJS47
Isin,GB00B0WCKJ29
Isin,GB00B0WCKN64
Isin,GB00B0WCKM57
Isin,GB00B0WCKH05
Isin,GB00B0WCKG97
Isin,GB00B0WCKP88
Isin,GB00B0WCKL41
Isin,GB00B0WCKK34
Isin,CH0024160399
Isin,CH0024160423
Isin,CH0024160472
Isin,CH0024160498
Isin,CH0024162973
Isin,CH0024162874
Isin,CH0024162726
Isin,CH0024162775
Isin,CH0024064708
Isin,CH0024155183
Isin,CH0024166487
Isin,CH0024160449
Isin,CH0024199371
Isin,CH0024058635
Isin,GB00B0WV6V35
Isin,CH0024110485
Isin,CH0024110337
Isin,CH0024110329
Isin,CH0024110477
Isin,CH0024110436
Isin,CH0024110428
Isin,CH0024110410
Isin,CH0024110402
Isin,CH0024110451
Isin,CH0024110469
Isin,CH0024110394
Isin,CH0024110444
Isin,CH0024110386
Isin,CH0024110378
Isin,CH0024110360
Isin,CH0024110352
Isin,CH0024110345
Isin,CH0024180850
Isin,CH0024181023
Isin,CH0024181098
Isin,CH0024181171
Isin,CH0024084011
Isin,GB00B0X46K03
Isin,GB00B0X46L10
Isin,CH0024175645
Isin,GB00B0XPKD45
Isin,CH0024288083
Isin,CH0024288067
Isin,CH0023976175
Isin,CH0024293760
Isin,CH0024287531
Isin,CH0024245570
Isin,CH0024142975
Isin,CH0024101591
Isin,CH0024295328
Isin,CH0014698309
Isin,GB00B0XPZC80
Isin,CH0024320167
Isin,CH0024332311
Isin,CH0024339894
Isin,CH0024340116
Isin,CH0024340389
Isin,GB00B0WD3B89
Isin,CH0024213560
Isin,GB00B0XPPK66
Isin,CH0024018431
Isin,CH0024018233
Isin,CH0024236215
Isin,CH0024236199
Isin,CH0024236157
Isin,CH0024236223
Isin,CH0024236231
Isin,CH0024236173
Isin,CH0024236181
Isin,CH0024236256
Isin,CH0024275791
Isin,GB00B0WPKY66
Isin,CH0024205632
Isin,CH0024195072
Isin,CH0024205491
Isin,CH0024134840
Isin,CH0024408913
Isin,CH0024291335
Isin,CH0024291467
Isin,CH0024291442
Isin,CH0024291376
Isin,GB00B0WD3D04
Isin,CH0024329606
Isin,CH0024480862
Isin,CH0024480854
Isin,CH0024480870
Isin,CH0024440338
Isin,GB00B0XNP667
Isin,CH0024486109
Isin,GB00B0YX4466
Isin,GB00B0Z13H54
Isin,GB00B0Z13G48
Isin,GB00B0Z13F31
Isin,GB00B0XDMT80
Isin,GB00B0Z13D17
Isin,GB00B0Z13C00
Isin,CH0024520485
Isin,GB00B0Z14490
Isin,GB00B0Z14383
Isin,GB00B0Z14508
Isin,CH0024432749
Isin,DE000DB3ARC7
Isin,DE000DB3AQY3
Isin,DE000DB3ARE3
Isin,CH0024443829
Isin,CH0024578863
Isin,CH0024575711
Isin,CH0024575737
Isin,GB00B0Z88P96
Isin,GB00B0Z88Q04
Isin,GB00B0XQ3H26
Isin,DE000SBL0HW1
Isin,DE000SBL0HX9
Isin,DE000SBL0HY7
Isin,DE000SBL0HZ4
Isin,CH0024227677
Isin,CH0024593912
Isin,GB00B0XND390
Isin,GB00B0XND408
Isin,GB00B0XND515
Isin,GB00B0XND622
Isin,GB00B0XND739
Isin,GB00B0XND846
Isin,GB00B0XND952
Isin,GB00B0XNDB71
Isin,GB00B0XNDC88
Isin,GB00B0XNDD95
Isin,GB00B0XNDF10
Isin,GB00B0XNDG27
Isin,GB00B0XNDH34
Isin,GB00B0XNTT73
Isin,GB00B0XNTR59
Isin,GB00B0XND283
Isin,GB00B0ZC6G86
Isin,GB00B0ZC6D55
Isin,GB00B0ZC6242
Isin,GB00B0ZC6804
Isin,GB00B0ZC6B32
Isin,GB00B0ZC6135
Isin,CH0024601814
Isin,GB00B0ZC6689
Isin,GB00B0ZC6C49
Isin,GB00B0Z52X64
Isin,GB00B0ZC6465
Isin,GB00B0ZC6H93
Isin,CH0024572338
Isin,GB00B0ZC6F79
Isin,GB00B0XHG320
Isin,GB00B0ZC6358
Isin,GB00B0ZC6796
Isin,GB00B0ZC6911
Isin,CH0024601806
Isin,CH0024666833
Isin,CH0024680388
Isin,CH0024688274
Isin,GB00B0ZDR800
Isin,CH0024670421
Isin,CH0024670330
Isin,CH0024670389
Isin,GB00B0ZC5X86
Isin,GB00B0YBKG47
Isin,GB00B0XP4V03
Isin,CH0024490382
Isin,CH0024684182
Isin,CH0024684208
Isin,CH0024684042
Isin,CH0024684117
Isin,CH0024684125
Isin,CH0024718337
Isin,CH0024430578
Isin,CH0024430594
Isin,CH0024430479
Isin,CH0024608058
Isin,DE000SBL35P6
Isin,DE000SBL35Q4
Isin,DE000SBL35N1
Isin,DE000SBL35S0
Isin,DE000SBL35R2
Isin,CH0024734730
Isin,CH0024735117
Isin,CH0024750777
Isin,CH0024752377
Isin,CH0024783133
Isin,CH0024783091
Isin,CH0024783109
Isin,CH0024722057
Isin,CH0024722065
Isin,CH0024323971
Isin,CH0024323724
Isin,CH0024323864
Isin,CH0024324201
Isin,CH0024665249
Isin,CH0024829720
Isin,CH0024727312
Isin,CH0024813799
Isin,CH0024803642
Isin,CH0024708015
Isin,CH0024719608
Isin,CH0024748524
Isin,CH0024847870
Isin,CH0024847888
Isin,CH0024839539
Isin,GB00B0ZDSR68
Isin,CH0024891290
Isin,CH0024907724
Isin,CH0024907757
Isin,CH0024908052
Isin,DE000DB453C2
Isin,DE000DB454C0
Isin,DE000DB457C3
Isin,DE000DB455C7
Isin,DE000DB456C5
Isin,DE000DB458C1
Isin,GB00B118HZ33
Isin,DE000SBL46X7
Isin,DE000SBL46Y5
Isin,DE000SBL46Z2
Isin,DE000SBL4709
Isin,CH0024839638
Isin,CH0024908037
Isin,GB00B11DPP42
Isin,GB00B11DPQ58
Isin,GB00B11DPR65
Isin,GB00B11DPS72
Isin,GB00B11DPT89
Isin,GB00B11DPV02
Isin,GB00B11DPW19
Isin,GB00B11DPX26
Isin,GB00B11DPY33
Isin,GB00B11DPZ40
Isin,GB00B11DQ062
Isin,GB00B11DQ179
Isin,GB00B11DQ286
Isin,CH0024903020
Isin,DE000DB468C0
Isin,CH0024650118
Isin,GB00B11QVL19
Isin,CH0024890243
Isin,DE000DB473C0
Isin,DE000DB472C2
Isin,CH0024897511
Isin,DE000DB469C8
Isin,CH0024890151
Isin,CH0024897537
Isin,DE000DB470C6
Isin,DE000DB471C4
Isin,DE000DR86F24
Isin,CH0024837632
Isin,CH0024955343
Isin,CH0024954064
Isin,CH0024954098
Isin,CH0024954072
Isin,CH0024954106
Isin,CH0024954122
Isin,CH0024954148
Isin,CH0024965201
Isin,CH0024964972
Isin,GB00B11QZS67
Isin,GB00B11QZM06
Isin,GB00B11QZV96
Isin,GB00B11QZQ44
Isin,GB00B11QZT74
Isin,GB00B11QZY28
Isin,GB00B11QZR50
Isin,GB00B11QZZ35
Isin,GB00B11R0069
Isin,GB00B11QZX11
Isin,GB00B11QZP37
Isin,GB00B11QZN13
Isin,GB00B11QZW04
Isin,GB00B11R0176
Isin,GB00B11R0283
Isin,CH0024903079
Isin,CH0024903103
Isin,CH0024941590
Isin,CH0024941574
Isin,GB00B11TFK74
Isin,CH0024994862
Isin,CH0024994854
Isin,CH0024995075
Isin,CH0024995216
Isin,CH0024977438
Isin,GB00B107NF32
Isin,CH0024839455
Isin,CH0024841477
Isin,NL0000017648
Isin,NL0000017614
Isin,NL0000017622
Isin,GB00B11V8264
Isin,CH0024960517
Isin,CH0024955509
Isin,GB00B11Y9442
Isin,GB00B11Y9335
Isin,GB00B11Y8C53
Isin,GB00B11Y8D60
Isin,GB00B11WFN92
Isin,GB00B11Y8P82
Isin,GB00B11Y8Q99
Isin,GB00B11Y9W25
Isin,GB00B11Y9V18
Isin,GB00B11Y9K03
Isin,GB00B11YB599
Isin,GB00B11Y9L10
Isin,CH0024564293
Isin,CH0024916766
Isin,CH0024916790
Isin,GB00B11PZH20
Isin,DE000DB619C8
Isin,DE000DB622C2
Isin,DE000DB634C7
Isin,DE000DB623C0
Isin,DE000DB646C1
Isin,DE000DB625C5
Isin,DE000DB681C8
Isin,DE000DB626C3
Isin,DE000DB629C7
Isin,DE000DB631C3
Isin,DE000DB632C1
Isin,DE000DB636C2
Isin,DE000DB639C6
Isin,DE000DB644C6
Isin,DE000DB650C3
Isin,DE000DB667C7
Isin,DE000DB661C0
Isin,DE000DB657C8
Isin,DE000DB672C7
Isin,DE000DB676C8
Isin,CH0024999333
Isin,CH0025003994
Isin,GB00B1074384
Isin,GB00B1074509
Isin,GB00B1074616
Isin,GB00B1074830
Isin,GB00B1074B69
Isin,GB00B1074C76
Isin,GB00B1074F08
Isin,GB00B1074G15
Isin,GB00B1074J46
Isin,GB00B1074053
Isin,GB00B1073Y22
Isin,GB00B1073W08
Isin,GB00B1073V90
Isin,GB00B1074160
Isin,GB00B1073S61
Isin,GB00B1073Q48
Isin,GB00B1073N17
Isin,CH0024978493
Isin,CH0024978279
Isin,GB00B10NGY17
Isin,GB00B10NH047
Isin,GB00B10QKN78
Isin,CH0024980317
Isin,CH0024980341
Isin,CH0024980358
Isin,CH0024980366
Isin,CH0024980382
Isin,CH0024980408
Isin,CH0024980416
Isin,CH0024980432
Isin,CH0025056976
Isin,CH0025046928
Isin,CH0025085173
Isin,CH0025085033
Isin,CH0025085116
Isin,CH0025089951
Isin,CH0025092849
Isin,CH0025014611
Isin,CH0025014637
Isin,CH0025014652
Isin,CH0025014678
Isin,CH0025014686
Isin,CH0025105872
Isin,CH0025019230
Isin,CH0025019206
Isin,CH0024977446
Isin,GB00B128C356
Isin,GB00B128C570
Isin,GB00B128C687
Isin,GB00B128C802
Isin,GB00B128C919
Isin,GB00B128C794
Isin,GB00B128CB34
Isin,GB00B128CC41
Isin,GB00B0ZPTB38
Isin,GB00B0ZPYD05
Isin,GB00B128C463
Isin,CH0025119535
Isin,GB00B12G2M86
Isin,GB00B12G2K62
Isin,GB00B12G2L79
Isin,CH0024964873
Isin,CH0025194157
Isin,CH0025184448
Isin,CH0025172492
Isin,CH0025184430
Isin,CH0025172500
Isin,CH0025087377
Isin,CH0025087369
Isin,CH0025037380
Isin,CH0024821487
Isin,GB00B12GM732
Isin,GB00B12LQK94
Isin,CH0025116309
Isin,CH0025158202
Isin,CH0025246957
Isin,CH0025246825
Isin,CH0025070035
Isin,CH0025070019
Isin,CH0025070043
Isin,CH0025070050
Isin,CH0025070084
Isin,CH0025070076
Isin,CH0025223816
Isin,CH0025296366
Isin,CH0025276004
Isin,CH0025275956
Isin,CH0025000388
Isin,CH0025275519
Isin,CH0025218501
Isin,CH0025346849
Isin,GB00B131HS35
Isin,CH0025343200
Isin,CH0025362150
Isin,CH0025356970
Isin,CH0025357010
Isin,CH0025357036
Isin,CH0025356889
Isin,CH0025356921
Isin,CH0025356947
Isin,CH0025356780
Isin,CH0025356814
Isin,CH0025356848
Isin,CH0025357028
Isin,CH0025356996
Isin,CH0025356939
Isin,CH0025356798
Isin,CH0025356830
Isin,CH0025357051
Isin,CH0025356962
Isin,CH0025356913
Isin,CH0025356871
Isin,CH0025370344
Isin,CH0025272813
Isin,CH0025272821
Isin,CH0025273050
Isin,CH0025272805
Isin,CH0025272797
Isin,CH0024906080
Isin,CH0025272912
Isin,CH0025272938
Isin,CH0025272839
Isin,CH0025272847
Isin,CH0025272854
Isin,CH0025272862
Isin,CH0025272946
Isin,CH0025272953
Isin,CH0025272961
Isin,CH0025272979
Isin,CH0025273068
Isin,CH0025272987
Isin,CH0025272870
Isin,CH0025272888
Isin,CH0025273035
Isin,CH0025272995
Isin,CH0025273001
Isin,CH0025273019
Isin,CH0025273027
Isin,CH0025276244
Isin,CH0025276905
Isin,CH0025276368
Isin,CH0025462430
Isin,CH0025436749
Isin,CH0025272904
Isin,GB00B12YS245
Isin,GB00B13HMH56
Isin,CH0025423879
Isin,CH0025423952
Isin,CH0025383479
Isin,GB00B12YS682
Isin,GB00B12YS468
Isin,GB00B12BJ556
Isin,CH0025272896
Isin,CH0025390383
Isin,CH0025423986
Isin,CH0025423911
Isin,GB00B12YS799
Isin,CH0025469443
Isin,CH0025414118
Isin,CH0025218212
Isin,CH0025414142
Isin,CH0025423739
Isin,CH0025423655
Isin,CH0025218279
Isin,CH0025414068
Isin,CH0025439594
Isin,CH0025439438
Isin,CH0025439453
Isin,CH0025439461
Isin,CH0025439412
Isin,CH0025407518
Isin,CH0025407526
Isin,CH0025407617
Isin,CH0025365328
Isin,CH0025346500
Isin,CH0025346658
Isin,CH0025365385
Isin,CH0025347292
Isin,CH0025346815
Isin,CH0025327658
Isin,GB00B131CJ98
Isin,GB00B131R507
Isin,CH0025500411
Isin,CH0025521524
Isin,CH0025509727
Isin,GB00B1432616
Isin,GB00B12L5N58
Isin,GB00B12Z2817
Isin,GB00B12Z2924
Isin,GB00B1432723
Isin,CH0025469740
Isin,CH0025509008
Isin,CH0025491124
Isin,CH0025523884
Isin,CH0025523934
Isin,CH0025523785
Isin,CH0025524338
Isin,CH0025524148
Isin,GB00B14LW430
Isin,CH0025082949
Isin,CH0025537066
Isin,CH0025441681
Isin,CH0025441673
Isin,CH0025441715
Isin,CH0025441707
Isin,GB00B143NZ75
Isin,GB00B12Z0D22
Isin,GB00B12Z0G52
Isin,GB00B14PYW78
Isin,CH0025543304
Isin,CH0025595916
Isin,CH0025569853
Isin,CH0025605681
Isin,CH0025345668
Isin,CH0025345528
Isin,DE000SBL4Y66
Isin,DE000SBL4Y74
Isin,CH0025580751
Isin,CH0025659456
Isin,CH0025659423
Isin,CH0025659480
Isin,CH0025659498
Isin,GB00B139DS98
Isin,CH0025508422
Isin,CH0025508455
Isin,CH0025508463
Isin,GB00B139DT06
Isin,CH0025508430
Isin,CH0025508448
Isin,CH0025431302
Isin,GB00B139DR81
Isin,GB00B14LVN50
Isin,CH0025573459
Isin,CH0025652717
Isin,CH0025333185
Isin,CH0025622769
Isin,GB00B14PKZ22
Isin,CH0025641785
Isin,CH0025000628
Isin,NL0000613933
Isin,NL0000613941
Isin,NL0000613966
Isin,NL0000613461
Isin,NL0000613479
Isin,NL0000613487
Isin,NL0000613495
Isin,NL0000613503
Isin,NL0000613511
Isin,NL0000613529
Isin,NL0000613537
Isin,NL0000613545
Isin,NL0000613552
Isin,NL0000613560
Isin,NL0000613578
Isin,NL0000613586
Isin,NL0000613594
Isin,NL0000613602
Isin,NL0000613610
Isin,CH0025705713
Isin,CH0025705697
Isin,CH0025682912
Isin,CH0025683050
Isin,CH0025683019
Isin,CH0025682946
Isin,CH0025682987
Isin,CH0025682961
Isin,GB00B15CN310
Isin,GB00B15CN427
Isin,GB00B15CN534
Isin,GB00B15CN641
Isin,GB00B15CN757
Isin,GB00B15CN864
Isin,GB00B15CN971
Isin,GB00B15CNB96
Isin,GB00B15CNC04
Isin,GB00B15CND11
Isin,GB00B15CNF35
Isin,GB00B15CNG42
Isin,GB00B15CNH58
Isin,GB00B15CNJ72
Isin,GB00B15CNK87
Isin,GB00B126BS79
Isin,GB00B15CCH85
Isin,GB00B13JQ685
Isin,GB00B13JQ792
Isin,CH0025447308
Isin,GB00B1533231
Isin,GB00B1545979
Isin,NL0000614758
Isin,NL0000614774
Isin,NL0000614568
Isin,NL0000614725
Isin,CH0025466555
Isin,CH0025649945
Isin,NL0000614576
Isin,NL0000614766
Isin,NL0000614782
Isin,NL0000614519
Isin,NL0000614535
Isin,NL0000614527
Isin,CH0025772341
Isin,NL0000614717
Isin,NL0000614733
Isin,NL0000614584
Isin,NL0000614691
Isin,NL0000614634
Isin,NL0000614642
Isin,CH0025405785
Isin,CH0025405637
Isin,CH0025469716
Isin,CH0025760437
Isin,CH0025700672
Isin,NL0000614709
Isin,CH0025700698
Isin,GB00B15RXH00
Isin,GB00B15RXM52
Isin,GB00B15RXF85
Isin,GB00B15RXJ24
Isin,GB00B15RXN69
Isin,CH0025753580
Isin,CH0025111169
Isin,GB00B15GJX50
Isin,CH0025700706
Isin,GB00B15RXG92
Isin,GB00B15RX812
Isin,CH0025436186
Isin,CH0025678381
Isin,CH0025678407
Isin,CH0025678316
Isin,CH0025678290
Isin,CH0025678209
Isin,CH0025678308
Isin,CH0025678357
Isin,CH0025678365
Isin,CH0025678258
Isin,CH0025678332
Isin,GB00B15SNP19
Isin,GB00B15SNQ26
Isin,GB00B15SPC20
Isin,GB00B15SPD37
Isin,GB00B15SPS89
Isin,GB00B15SPT96
Isin,CH0025821361
Isin,CH0025722320
Isin,CH0025722346
Isin,CH0025722338
Isin,CH0025722296
Isin,GB00B15SVY67
Isin,GB00B15SVZ74
Isin,GB00B15SW325
Isin,GB00B15SW432
Isin,GB00B15SWR65
Isin,GB00B15SWS72
Isin,GB00B15SWT89
Isin,GB00B15SX406
Isin,GB00B15SX513
Isin,GB00B15S0X83
Isin,DE000DR86GH4
Isin,CH0025722767
Isin,CH0025523538
Isin,GB00B157TR23
Isin,CH0025851269
Isin,NL0000618320
Isin,NL0000618353
Isin,NL0000618379
Isin,NL0000618395
Isin,NL0000618486
Isin,NL0000618510
Isin,NL0000618742
Isin,NL0000618452
Isin,NL0000618494
Isin,NL0000618759
Isin,NL0000618676
Isin,NL0000618338
Isin,NL0000618361
Isin,NL0000618403
Isin,NL0000618445
Isin,NL0000618478
Isin,NL0000618684
Isin,CH0025770055
Isin,NL0000618346
Isin,NL0000618429
Isin,NL0000618437
Isin,NL0000618726
Isin,NL0000618650
Isin,NL0000618668
Isin,NL0000618387
Isin,NL0000618411
Isin,NL0000618460
Isin,NL0000618700
Isin,NL0000618718
Isin,NL0000618734
Isin,NL0000618502
Isin,NL0000618643
Isin,NL0000618692
Isin,NL0000613958
Isin,NL0000614741
Isin,CH0025889319
Isin,CH0025889285
Isin,CH0025871598
Isin,GB00B15F2D33
Isin,CH0025888857
Isin,CH0025888949
Isin,CH0025888956
Isin,CH0025888931
Isin,CH0025888998
Isin,CH0025889046
Isin,CH0025889087
Isin,CH0025735819
Isin,CH0025735454
Isin,CH0025898740
Isin,CH0025899136
Isin,CH0025899151
Isin,CH0025899268
Isin,CH0025900405
Isin,CH0025900413
Isin,CH0025900462
Isin,CH0025900355
Isin,GB00B1503689
Isin,GB00B1529T94
Isin,GB00B1534S64
Isin,CH0025916948
Isin,CH0025917003
Isin,CH0025917029
Isin,CH0025917300
Isin,CH0025917326
Isin,CH0025917284
Isin,CH0025925246
Isin,CH0025925394
Isin,CH0025925469
Isin,CH0025924371
Isin,CH0025924462
Isin,CH0025924603
Isin,CH0025899003
Isin,CH0025940153
Isin,GB00B171V653
Isin,GB00B171V430
Isin,GB00B15GN998
Isin,GB00B15GN881
Isin,GB00B171V547
Isin,GB00B175SZ55
Isin,GB00B175SY49
Isin,GB00B175T187
Isin,GB00B17BFP24
Isin,GB00B17BFM92
Isin,GB00B17BFK78
Isin,GB00B17BFL85
Isin,GB00B17BFN00
Isin,CH0025925634
Isin,CH0025925642
Isin,CH0025915015
Isin,CH0026058898
Isin,CH0026058880
Isin,CH0026058906
Isin,CH0026058914
Isin,GB00B17M5P53
Isin,CH0025580298
Isin,GB00B17N2P70
Isin,GB00B17MMN24
Isin,GB00B17MMQ54
Isin,GB00B17MMP48
Isin,GB00B17NDK92
Isin,GB00B17NDH63
Isin,GB00B17ND322
Isin,GB00B17ND546
Isin,CH0025958064
Isin,CH0026075421
Isin,CH0025958106
Isin,CH0025958056
Isin,CH0025958049
Isin,CH0025958072
Isin,CH0026075405
Isin,CH0025958130
Isin,CH0025958155
Isin,CH0025958189
Isin,CH0025958163
Isin,CH0026075413
Isin,CH0026062296
Isin,CH0026070240
Isin,CH0026075439
Isin,CH0025958080
Isin,CH0025906618
Isin,CH0026112984
Isin,CH0026112901
Isin,CH0026121712
Isin,CH0026014081
Isin,CH0025746550
Isin,CH0025958114
Isin,CH0025906600
Isin,CH0026113008
Isin,CH0026113057
Isin,CH0025781136
Isin,CH0025622231
Isin,CH0025622249
Isin,CH0026132214
Isin,CH0025981900
Isin,CH0026082377
Isin,CH0026082369
Isin,CH0026082484
Isin,CH0026082492
Isin,CH0026082625
Isin,CH0026082658
Isin,CH0026082674
Isin,CH0026082799
Isin,CH0026082856
Isin,CH0026082864
Isin,CH0026056637
Isin,CH0026177573
Isin,CH0026177565
Isin,CH0025986362
Isin,CH0026132263
Isin,CH0026132248
Isin,CH0026132180
Isin,CH0026132222
Isin,CH0026132164
Isin,CH0025622256
Isin,GB00B189KY90
Isin,GB00B189L573
Isin,CH0026183860
Isin,CH0025661817
Isin,CH0025973584
Isin,CH0026195054
Isin,GB00B18HZH15
Isin,GB00B18HZN74
Isin,GB00B18HZP98
Isin,GB00B18HZG08
Isin,GB00B18HZJ39
Isin,GB00B18HZQ06
Isin,GB00B18HZF90
Isin,GB00B18HZM67
Isin,GB00B18HZL50
Isin,CH0026049426
Isin,CH0025890051
Isin,CH0026254620
Isin,CH0026254612
Isin,CH0026254646
Isin,CH0026254661
Isin,CH0026254679
Isin,CH0026254687
Isin,CH0026254737
Isin,CH0026254745
Isin,NL0000628758
Isin,NL0000628766
Isin,NL0000628816
Isin,NL0000628824
Isin,NL0000628832
Isin,CH0026242369
Isin,CH0026242377
Isin,GB00B18WS113
Isin,GB00B18WRX65
Isin,GB00B18WRY72
Isin,GB00B18WS220
Isin,GB00B18WRZ89
Isin,GB00B18WS006
Isin,GB00B18WS337
Isin,CH0026242450
Isin,CH0026210978
Isin,CH0026254265
Isin,CH0026254349
Isin,CH0026254422
Isin,NL0000628881
Isin,NL0000628899
Isin,NL0000628907
Isin,NL0000628931
Isin,NL0000628949
Isin,CH0026292729
Isin,CH0026146958
Isin,CH0026140951
Isin,CH0026293115
Isin,CH0026293180
Isin,CH0026293149
Isin,CH0026293586
Isin,CH0026293156
Isin,CH0026204997
Isin,CH0026205002
Isin,CH0026205085
Isin,CH0026205010
Isin,CH0026205069
Isin,CH0026205028
Isin,CH0026205036
Isin,CH0026205044
Isin,CH0026205077
Isin,CH0026205051
Isin,CH0026204971
Isin,CH0026204955
Isin,CH0026204963
Isin,CH0026204989
Isin,GB00B18SXM58
Isin,GB00B18SYZ52
Isin,GB00B18SZ074
Isin,GB00B18SZ181
Isin,GB00B18SZ298
Isin,GB00B18SZ306
Isin,GB00B18SZ413
Isin,GB00B18SXQ96
Isin,GB00B18SXS11
Isin,GB00B18SXT28
Isin,GB00B18SXW56
Isin,GB00B18SXY70
Isin,GB00B13GW499
Isin,CH0026120797
Isin,NL0000630168
Isin,NL0000630176
Isin,NL0000630184
Isin,NL0000630119
Isin,NL0000630127
Isin,CH0026300027
Isin,CH0026205093
Isin,CH0026204732
Isin,CH0026204930
Isin,CH0026204948
Isin,CH0026204740
Isin,CH0026204682
Isin,CH0026204757
Isin,CH0026204773
Isin,CH0026204690
Isin,CH0026204781
Isin,CH0026204799
Isin,CH0026204708
Isin,CH0026204807
Isin,CH0026204815
Isin,CH0026204898
Isin,CH0026204823
Isin,CH0026204922
Isin,CH0026204724
Isin,CH0026204872
Isin,CH0026204831
Isin,CH0026204849
Isin,CH0026204856
Isin,CH0026204880
Isin,CH0026204716
Isin,CH0026204906
Isin,CH0026204864
Isin,CH0026300118
Isin,CH0026300134
Isin,CH0026300142
Isin,CH0026300175
Isin,CH0026300191
Isin,CH0026300183
Isin,CH0026300092
Isin,GB00B17NC688
Isin,CH0026370186
Isin,CH0026370194
Isin,CH0026370178
Isin,CH0026367232
Isin,CH0026367299
Isin,CH0026257540
Isin,CH0026257532
Isin,CH0026389640
Isin,CH0026389657
Isin,CH0026389665
Isin,CH0026389673
Isin,CH0026389681
Isin,CH0026389699
Isin,CH0026389707
Isin,CH0026389715
Isin,CH0026389723
Isin,CH0026389731
Isin,CH0026389749
Isin,CH0026389814
Isin,CH0026367422
Isin,CH0026367455
Isin,CH0026367489
Isin,CH0026367513
Isin,CH0026367554
Isin,CH0026367562
Isin,CH0026384245
Isin,CH0026384377
Isin,CH0026383957
Isin,CH0026384161
Isin,CH0026389160
Isin,CH0026389418
Isin,CH0026395688
Isin,GB00B17MMG56
Isin,GB00B17MMT85
Isin,GB00B17MMS78
Isin,GB00B17MMJ87
Isin,GB00B17MMR61
Isin,GB00B17MMH63
Isin,CH0026158268
Isin,CH0026275955
Isin,CH0026386588
Isin,CH0026387396
Isin,CH0026387909
Isin,CH0026423753
Isin,CH0026423779
Isin,CH0026423795
Isin,CH0026423803
Isin,CH0026423837
Isin,CH0026423845
Isin,CH0026423852
Isin,CH0026423886
Isin,CH0026423902
Isin,CH0026423910
Isin,CH0026423936
Isin,CH0026423969
Isin,CH0026423977
Isin,CH0026423993
Isin,CH0026424009
Isin,CH0026424033
Isin,CH0026424058
Isin,CH0026424066
Isin,CH0026424082
Isin,CH0026424132
Isin,CH0026424140
Isin,CH0026424157
Isin,CH0026424165
Isin,CH0026424181
Isin,CH0026424199
Isin,CH0026424207
Isin,CH0026424223
Isin,CH0026424231
Isin,CH0026424249
Isin,CH0026424264
Isin,CH0026424272
Isin,CH0026424280
Isin,CH0026424314
Isin,CH0026424330
Isin,CH0026424348
Isin,CH0026424363
Isin,CH0026424371
Isin,CH0026424389
Isin,CH0026424397
Isin,CH0026424405
Isin,CH0026424421
Isin,CH0026424439
Isin,CH0026424025
Isin,CH0026424447
Isin,GB00B19GKV63
Isin,CH0026441136
Isin,CH0026435468
Isin,CH0026440922
Isin,GB00B19GKR28
Isin,CH0026435393
Isin,CH0026438629
Isin,CH0026435294
Isin,CH0026388642
Isin,CH0026439734
Isin,GB00B19GLJ19
Isin,GB00B19GLK24
Isin,GB00B19GLL31
Isin,GB00B19GLM48
Isin,GB00B19GLT17
Isin,GB00B19G1D59
Isin,CH0026441979
Isin,CH0026442118
Isin,CH0026453537
Isin,CH0026441763
Isin,CH0026495314
Isin,CH0026495322
Isin,CH0026464187
Isin,CH0026464278
Isin,CH0026563699
Isin,CH0026503547
Isin,CH0026524261
Isin,CH0026524394
Isin,CH0026524402
Isin,CH0026524410
Isin,CH0026524329
Isin,CH0026524345
Isin,GB00B19PPJ63
Isin,CH0026569951
Isin,CH0026561438
Isin,CH0026561479
Isin,CH0026561487
Isin,CH0026561446
Isin,CH0026561461
Isin,CH0026585452
Isin,CH0026585601
Isin,GB00B19WNQ00
Isin,CH0026591310
Isin,CH0026591278
Isin,CH0026591336
Isin,GB00B1B9F294
Isin,GB00B1B9DV42
Isin,GB00B1B9DK37
Isin,GB00B1B9DL44
Isin,GB00B1B9DQ98
Isin,GB00B1B9DR06
Isin,GB00B1B9DP81
Isin,GB00B1B9F302
Isin,GB00B1B9F633
Isin,GB00B1B9F740
Isin,GB00B1B9DZ89
Isin,GB00B1B9DW58
Isin,GB00B1B9DX65
Isin,CH0026561495
Isin,CH0026561503
Isin,CH0026561511
Isin,CH0026561529
Isin,CH0026626918
Isin,CH0026635067
Isin,CH0026635083
Isin,CH0026635059
Isin,CH0026635075
Isin,CH0026635133
Isin,CH0026635158
Isin,CH0026626959
Isin,CH0026620069
Isin,CH0026626926
Isin,CH0026626934
Isin,CH0026597168
Isin,CH0026635109
Isin,CH0026645892
Isin,CH0026635117
Isin,GB00B1BM1974
Isin,GB00B1BM1R52
Isin,GB00B1BM1W06
Isin,GB00B1BM2162
Isin,GB00B1BKPL16
Isin,CH0026594546
Isin,CH0026594587
Isin,CH0026594595
Isin,CH0026594603
Isin,CH0026594611
Isin,CH0026594629
Isin,CH0026594645
Isin,CH0026594678
Isin,CH0026676533
Isin,CH0026657814
Isin,CH0026657517
Isin,CH0026632320
Isin,CH0026677861
Isin,CH0026710993
Isin,GB00B19CC414
Isin,GB00B1BM2S35
Isin,GB00B1BM2R28
Isin,GB00B1BM2Z02
Isin,GB00B1BM2Y94
Isin,GB00B19CC521
Isin,CH0026711421
Isin,CH0026711413
Isin,CH0026722295
Isin,CH0026632379
Isin,GB00B197T900
Isin,GB00B197TB23
Isin,GB00B197TC30
Isin,GB00B197SZ91
Isin,GB00B197T017
Isin,GB00B197T124
Isin,GB00B197T561
Isin,GB00B197T678
Isin,GB00B197T785
Isin,GB00B197T892
Isin,GB00B197T231
Isin,CH0026737251
Isin,GB00B19LN891
Isin,CH0026726320
Isin,CH0026743440
Isin,DE000SBL8PK2
Isin,DE000SBL8PP1
Isin,DE000SBL8PM8
Isin,DE000SBL8PV9
Isin,DE000SBL8PW7
Isin,DE000SBL8PQ9
Isin,DE000SBL8PR7
Isin,DE000SBL8PT3
Isin,DE000SBL8PX5
Isin,DE000SBL8PY3
Isin,DE000SBL8PZ0
Isin,DE000SBL8Q13
Isin,DE000SBL8Q21
Isin,DE000SBL8Q39
Isin,DE000SBL8Q47
Isin,DE000SBL8Q62
Isin,DE000SBL8Q88
Isin,DE000SBL8Q96
Isin,CH0026595204
Isin,CH0026595238
Isin,CH0026590841
Isin,CH0026744059
Isin,GB00B1BXH360
Isin,CH0026753217
Isin,CH0026744026
Isin,CH0026742954
Isin,CH0026758869
Isin,CH0026756426
Isin,CH0026766045
Isin,CH0026720968
Isin,CH0026721016
Isin,CH0026721461
Isin,CH0026721628
Isin,CH0026722055
Isin,CH0026721255
Isin,CH0026721297
Isin,GB00B1CCWL57
Isin,GB00B1CD2741
Isin,CH0026766102
Isin,CH0026766128
Isin,CH0026766136
Isin,CH0026766086
Isin,CH0026648052
Isin,CH0026648060
Isin,CH0026648003
Isin,CH0026647989
Isin,CH0026648094
Isin,CH0026648011
Isin,CH0026648029
Isin,CH0026796174
Isin,CH0026790912
Isin,CH0026790920
Isin,CH0026790854
Isin,CH0026790888
Isin,CH0026791019
Isin,CH0026791027
Isin,CH0026790953
Isin,CH0026790979
Isin,CH0026790938
Isin,CH0026790946
Isin,CH0026790896
Isin,CH0026790904
Isin,CH0026791035
Isin,CH0026791043
Isin,CH0026790987
Isin,CH0026790995
Isin,CH0026766177
Isin,GB00B1CKPN21
Isin,CH0026815453
Isin,CH0026766201
Isin,GB00B1CKLC36
Isin,CH0026816493
Isin,CH0026780137
Isin,CH0026780129
Isin,CH0026780111
Isin,CH0026806817
Isin,CH0026807328
Isin,CH0026843992
Isin,CH0026843893
Isin,CH0026843950
Isin,CH0026844032
Isin,CH0026834710
Isin,CH0026834728
Isin,CH0026853009
Isin,CH0026860038
Isin,CH0026860046
Isin,CH0026860061
Isin,CH0026860053
Isin,CH0026858800
Isin,CH0026858768
Isin,CH0026858735
Isin,DE000SBL8UZ0
Isin,DE000SBL8V08
Isin,DE000SBL8V16
Isin,DE000SBL8V24
Isin,DE000SBL8V32
Isin,CH0026870771
Isin,CH0026855046
Isin,CH0026810447
Isin,GB00B1D3SB90
Isin,GB00B1D3SC08
Isin,GB00B1D3S975
Isin,GB00B1DFJS95
Isin,CH0026905775
Isin,CH0026775855
Isin,CH0026943271
Isin,CH0026910510
Isin,CH0026932084
Isin,CH0026840204
Isin,CH0026840253
Isin,CH0026840238
Isin,CH0026840220
Isin,CH0026623287
Isin,CH0026623261
Isin,CH0026910924
Isin,CH0026928561
Isin,CH0026928645
Isin,CH0026939196
Isin,CH0026939659
Isin,CH0026951720
Isin,CH0026864535
Isin,CH0026964830
Isin,CH0026956356
Isin,CH0026883394
Isin,CH0026883428
Isin,CH0026883444
Isin,CH0026883451
Isin,CH0026883469
Isin,CH0026883477
Isin,CH0026883493
Isin,CH0026883527
Isin,CH0026860020
Isin,GB00B1DT0225
Isin,GB00B1DT0332
Isin,GB00B1DT0449
Isin,GB00B1DT0555
Isin,GB00B1DT0779
Isin,GB00B1DT0886
Isin,CH0026995388
Isin,CH0026994191
Isin,CH0026994217
Isin,CH0026994209
Isin,CH0026994225
Isin,CH0026994233
Isin,CH0026994241
Isin,CH0026994258
Isin,CH0026994274
Isin,CH0026994266
Isin,CH0026994308
Isin,CH0026994324
Isin,CH0026994332
Isin,CH0026994340
Isin,CH0026994357
Isin,CH0026994373
Isin,CH0026994399
Isin,CH0026994423
Isin,CH0026994753
Isin,CH0026990702
Isin,GB00B1DVXC95
Isin,GB00B1DVWY41
Isin,GB00B1DVWW27
Isin,CH0026871738
Isin,CH0026871720
Isin,CH0026956901
Isin,CH0026956927
Isin,CH0026956935
Isin,CH0026956943
Isin,CH0026956950
Isin,CH0026956968
Isin,CH0026956976
Isin,CH0026957040
Isin,CH0026957115
Isin,CH0026957172
Isin,CH0026957214
Isin,CH0026957230
Isin,CH0026957248
Isin,CH0026957271
Isin,CH0026957297
Isin,CH0026957305
Isin,CH0026957313
Isin,CH0026957370
Isin,CH0026957404
Isin,CH0026957461
Isin,CH0026957537
Isin,CH0026957545
Isin,CH0026915626
Isin,CH0026915642
Isin,CH0026915659
Isin,CH0027022513
Isin,CH0027022521
Isin,CH0027022554
Isin,CH0027022539
Isin,CH0027022661
Isin,CH0027022679
Isin,CH0027022596
Isin,CH0027022604
Isin,CH0027022620
Isin,CH0027022638
Isin,CH0027022653
Isin,CH0027022687
Isin,CH0027022711
Isin,CH0027022737
Isin,CH0027022786
Isin,CH0027022794
Isin,CH0027022877
Isin,CH0027022885
Isin,CH0027022919
Isin,CH0027022927
Isin,CH0027022976
Isin,CH0027022984
Isin,CH0026994290
Isin,CH0026994407
Isin,CH0026994415
Isin,CH0026979002
Isin,CH0026913589
Isin,DE000DR3ZU13
Isin,GB00B1DW4S53
Isin,DE000DR3ZT99
Isin,DE000DR3ZU39
Isin,DE000DR3ZTZ3
Isin,CH0026958717
Isin,CH0026999331
Isin,CH0026999349
Isin,CH0027034385
Isin,DE000DR3ZTY6
Isin,DE000DR3ZU54
Isin,DE000DR3ZU47
Isin,GB00B1DW4R47
Isin,DE000DR3ZU05
Isin,CH0027028437
Isin,GB00B1DW4Q30
Isin,CH0027012654
Isin,DE000DR3ZU21
Isin,DE000DR3ZU62
Isin,CH0027045761
Isin,CH0026905858
Isin,CH0026947793
Isin,CH0026998796
Isin,CH0026972882
Isin,CH0027054839
Isin,DE000DR86GN2
Isin,CH0027049243
Isin,CH0027068342
Isin,CH0027083374
Isin,CH0026846938
Isin,GB00B1FCPN51
Isin,GB00B1FCPQ82
Isin,GB00B1FCPL38
Isin,GB00B1FCPM45
Isin,GB00B1FCPW43
Isin,GB00B1FCQ218
Isin,GB00B1FCQ101
Isin,GB00B1FCPX59
Isin,GB00B1FCQ325
Isin,CH0027127288
Isin,CH0026966116
Isin,CH0026966132
Isin,CH0026966140
Isin,GB00B1DW4V82
Isin,GB00B1DW4T60
Isin,CH0026879863
Isin,CH0026879871
Isin,CH0026879889
Isin,CH0026879897
Isin,CH0026879905
Isin,CH0026879921
Isin,CH0026879939
Isin,CH0026879947
Isin,CH0026879954
Isin,CH0026879962
Isin,CH0026879970
Isin,CH0026879988
Isin,CH0027136305
Isin,CH0027136321
Isin,CH0027068094
Isin,CH0027049797
Isin,CH0027152260
Isin,CH0027153649
Isin,CH0027152054
Isin,CH0026859147
Isin,CH0027154639
Isin,CH0026748472
Isin,CH0026952942
Isin,CH0027170940
Isin,CH0027182051
Isin,GB00B1FJFZ86
Isin,GB00B1FJG008
Isin,GB00B1FJGB18
Isin,GB00B1FJG990
Isin,GB00B1FJH295
Isin,GB00B1FJH188
Isin,GB00B1FJH071
Isin,GB00B1FJH303
Isin,GB00B1FJGQ60
Isin,GB00B1FJGS84
Isin,GB00B1FJGR77
Isin,GB00B1FJG883
Isin,GB00B1FJDT86
Isin,GB00B1FJDV09
Isin,GB00B1FJDG57
Isin,GB00B1FJDF41
Isin,GB00B1FJF471
Isin,GB00B1FJF257
Isin,GB00B1FJF364
Isin,GB00B1FJDH64
Isin,CH0027182614
Isin,CH0027187167
Isin,CH0027191581
Isin,CH0027191573
Isin,CH0027191631
Isin,CH0027191557
Isin,CH0027191615
Isin,CH0027191607
Isin,CH0026959285
Isin,CH0026959020
Isin,CH0027208807
Isin,CH0027208773
Isin,CH0027208799
Isin,CH0027208740
Isin,CH0027208757
Isin,CH0027208732
Isin,CH0027022729
Isin,CH0027189304
Isin,CH0026950706
Isin,CH0026950425
Isin,CH0027222790
Isin,CH0027222881
Isin,GB00B1FL7259
Isin,GB00B1FL7F87
Isin,GB00B1FL7036
Isin,GB00B1FL7143
Isin,GB00B1FL7812
Isin,GB00B1FL7929
Isin,GB00B1FL7C56
Isin,GB00B1FL9966
Isin,GB00B1FL9T63
Isin,GB00B1FLB120
Isin,GB00B1FL9412
Isin,GB00B1FL9305
Isin,GB00B1FL9529
Isin,GB00B1FL8Z58
Isin,GB00B1FL9K70
Isin,GB00B1FL9Z24
Isin,GB00B1FL9L87
Isin,GB00B1FL9P26
Isin,GB00B1FLHG91
Isin,GB00B1D9YQ40
Isin,CH0027144986
Isin,DE000DR9GN68
Isin,DE000DR9GN84
Isin,DE000DR9GN92
Isin,DE000DR9GPF0
Isin,DE000DR9GPA1
Isin,DE000DR9GPG8
Isin,DE000DR9GPH6
Isin,DE000DR9GPB9
Isin,DE000DR9GPC7
Isin,DE000DR9GPL8
Isin,DE000DR9GPE3
Isin,DE000DR9GPJ2
Isin,DE000DR9GPK0
Isin,DE000DR9GN76
Isin,CH0027212403
Isin,CH0027212353
Isin,CH0027212387
Isin,CH0027212494
Isin,CH0027212619
Isin,CH0027212478
Isin,CH0027212437
Isin,CH0027212429
Isin,CH0027212411
Isin,CH0027212510
Isin,CH0027212502
Isin,CH0027191730
Isin,CH0027191748
Isin,CH0027071080
Isin,CH0027071114
Isin,CH0027071098
Isin,CH0027071072
Isin,CH0027191714
Isin,CH0027191722
Isin,CH0027234043
Isin,CH0027234035
Isin,CH0027233995
Isin,CH0027233987
Isin,CH0027234027
Isin,CH0027234001
Isin,GB00B1FMDB99
Isin,CH0027283123
Isin,CH0027234050
Isin,CH0025986396
Isin,CH0027012498
Isin,CH0027012506
Isin,CH0027291258
Isin,CH0027291027
Isin,CH0027291357
Isin,CH0027291415
Isin,CH0027291282
Isin,CH0027291316
Isin,CH0027289625
Isin,CH0027289773
Isin,CH0027297388
Isin,CH0027297404
Isin,CH0027297396
Isin,CH0027297420
Isin,CH0027297438
Isin,CH0027297453
Isin,CH0027297461
Isin,DE000SCL0M62
Isin,DE000SCL0LR2
Isin,DE000SCL0LK7
Isin,DE000SCL0LL5
Isin,DE000SCL0LM3
Isin,DE000SCL0LN1
Isin,DE000SCL0LT8
Isin,DE000SCL0LU6
Isin,DE000SCL0LW2
Isin,DE000SCL0LX0
Isin,DE000SCL0M21
Isin,DE000SCL0M39
Isin,DE000SCL0LA8
Isin,DE000SCL0LC4
Isin,DE000SCL0LD2
Isin,DE000SCL0LE0
Isin,DE000SCL0LZ5
Isin,DE000SCL0LG5
Isin,DE000SCL0LH3
Isin,DE000SCL0LQ4
Isin,DE000SCL0M70
Isin,DE000SCL0M88
Isin,DE000SCL0MC2
Isin,DE000SCL0MD0
Isin,DE000SCL0MB4
Isin,DE000SCL0MG3
Isin,DE000SCL0MK5
Isin,DE000SCL0ML3
Isin,DE000SCL0MM1
Isin,DE000SCL0MP4
Isin,DE000SCL0MW0
Isin,DE000SCL0MX8
Isin,DE000SCL0MR0
Isin,DE000SCL0MS8
Isin,DE000SCL0MU4
Isin,DE000SCL0MZ3
Isin,DE000SCL0N04
Isin,DE000SCL0N20
Isin,DE000SCL0N38
Isin,DE000SCL0N61
Isin,DE000SCL0N79
Isin,DE000SCL0N87
Isin,CH0027071007
Isin,CH0027070991
Isin,CH0027071064
Isin,CH0027070983
Isin,CH0027071015
Isin,CH0027071031
Isin,CH0027071049
Isin,CH0027071023
Isin,CH0027071056
Isin,CH0027292769
Isin,CH0027291936
Isin,CH0027292025
Isin,CH0027292439
Isin,CH0027292603
Isin,CH0027291589
Isin,CH0027291829
Isin,CH0026922978
Isin,CH0026922986
Isin,CH0026922960
Isin,GB00B1FQ6892
Isin,GB00B1FQ6785
Isin,GB00B1FQ6C31
Isin,GB00B1FQ6900
Isin,GB00B1FQ6B24
Isin,GB00B1FQ7K89
Isin,GB00B1FQ7N11
Isin,GB00B1FQ7P35
Isin,GB00B1FQ6L22
Isin,GB00B1FQ6K15
Isin,GB00B1FQ6J00
Isin,GB00B1FQ7197
Isin,GB00B1FQ7J74
Isin,GB00B1FQ7F37
Isin,GB00B1FQ7G44
Isin,CH0027309506
Isin,CH0027309514
Isin,CH0026595170
Isin,CH0026834058
Isin,CH0026834033
Isin,CH0026834017
Isin,CH0027311759
Isin,CH0027322665
Isin,CH0027284188
Isin,CH0027280715
Isin,CH0027322418
Isin,CH0027330445
Isin,CH0027330007
Isin,CH0027329991
Isin,CH0027330452
Isin,CH0027330486
Isin,CH0027329983
Isin,CH0027330460
Isin,CH0027330437
Isin,CH0027329942
Isin,CH0027330494
Isin,CH0027329934
Isin,CH0027329926
Isin,CH0027234225
Isin,CH0027256590
Isin,CH0027329595
Isin,CH0027329629
Isin,CH0027350922
Isin,CH0027356622
Isin,CH0027356630
Isin,CH0027356655
Isin,CH0027356689
Isin,CH0027356754
Isin,CH0027356762
Isin,CH0027356812
Isin,CH0027334959
Isin,CH0027334967
Isin,CH0027334975
Isin,CH0027334983
Isin,CH0027334991
Isin,CH0027335014
Isin,CH0027342101
Isin,CH0027348314
Isin,CH0027348439
Isin,CH0027348330
Isin,CH0027348363
Isin,CH0027348421
Isin,CH0027348280
Isin,CH0027348371
Isin,CH0027348322
Isin,CH0027348389
Isin,CH0027348413
Isin,CH0027348306
Isin,CH0027348298
Isin,CH0027348405
Isin,CH0027256632
Isin,CH0027256665
Isin,CH0027256673
Isin,CH0027335626
Isin,CH0027256699
Isin,CH0027256681
Isin,CH0027256715
Isin,CH0027256723
Isin,CH0027256657
Isin,CH0027359063
Isin,CH0027359071
Isin,CH0027359089
Isin,CH0027359097
Isin,CH0027359105
Isin,CH0027359113
Isin,CH0027359139
Isin,CH0027273603
Isin,CH0027273694
Isin,CH0027265302
Isin,CH0027265336
Isin,CH0027265310
Isin,CH0027265344
Isin,CH0027265351
Isin,CH0027265328
Isin,CH0027265377
Isin,CH0027265393
Isin,CH0027265401
Isin,CH0026951209
Isin,CH0027358958
Isin,CH0027358941
Isin,CH0027358966
Isin,CH0027358982
Isin,CH0027359006
Isin,CH0027359014
Isin,CH0027359022
Isin,CH0027359030
Isin,CH0027358990
Isin,CH0027021762
Isin,CH0027344339
Isin,CH0027300893
Isin,CH0027300901
Isin,CH0027300976
Isin,CH0027300992
Isin,CH0027301016
Isin,CH0027385845
Isin,CH0027385852
Isin,CH0027365672
Isin,CH0027365656
Isin,CH0027365631
Isin,CH0027374674
Isin,CH0027296851
Isin,GB00B1FVC531
Isin,CH0027372017
Isin,GB00B1FW0X06
Isin,GB00B1FW0Z20
Isin,GB00B1FW1044
Isin,GB00B1FW1150
Isin,GB00B1FW1267
Isin,GB00B1FW1374
Isin,CH0027410668
Isin,CH0027398335
Isin,CH0027398467
Isin,CH0027398418
Isin,CH0027398525
Isin,CH0027398392
Isin,CH0027398509
Isin,CH0027398442
Isin,CH0027398541
Isin,CH0027398426
Isin,CH0027398533
Isin,CH0027398343
Isin,CH0027398475
Isin,CH0027398368
Isin,CH0027398483
Isin,CH0027398327
Isin,CH0027398459
Isin,CH0027398400
Isin,CH0027398517
Isin,CH0027411054
Isin,CH0027411518
Isin,CH0027411534
Isin,CH0027411559
Isin,CH0027411567
Isin,CH0027411575
Isin,CH0027411583
Isin,CH0027411591
Isin,CH0027239273
Isin,CH0027205092
Isin,CH0027429460
Isin,DE000TB40Z41
Isin,DE000TB40Z25
Isin,DE000TB40Z33
Isin,DE000TB40Z58
Isin,DE000TB40Z66
Isin,DE000TB40Z74
Isin,CH0027437745
Isin,CH0027437752
Isin,CH0027437703
Isin,CH0027437695
Isin,CH0027437687
Isin,CH0027437679
Isin,CH0027437661
Isin,CH0027437653
Isin,CH0027437711
Isin,CH0027437729
Isin,CH0027437737
Isin,CH0027430419
Isin,CH0027128211
Isin,CH0027310140
Isin,CH0027343174
Isin,CH0027446787
Isin,CH0027302998
Isin,GB00B1FY0Q92
Isin,GB00B1FY0R00
Isin,GB00B1FY0T24
Isin,GB00B1FY0W52
Isin,GB00B1FW0J61
Isin,GB00B1FXZS34
Isin,GB00B1FXZT41
Isin,GB00B1FXZQ10
Isin,GB00B1FXZN88
Isin,GB00B1FXZL64
Isin,GB00B1FW7C87
Isin,GB00B1FW7F19
Isin,GB00B1FW7G26
Isin,GB00B1FXYK82
Isin,GB00B1FSK050
Isin,GB00B1FXYV97
Isin,GB00B1FXYS68
Isin,GB00B1FXYR51
Isin,GB00B1FRWY03
Isin,GB00B1FXZ165
Isin,GB00B1FXZ389
Isin,GB00B1FXYZ36
Isin,GB00B1FY1B15
Isin,GB00B1FY1885
Isin,GB00B1FY1778
Isin,GB00B1FXZF05
Isin,GB00B1FXZB66
Isin,GB00B1FY0929
Isin,GB00B1FXZ496
Isin,GB00B1FXZC73
Isin,GB00B1FY0705
Isin,GB00B1FY0580
Isin,GB00B1FY0473
Isin,CH0027474722
Isin,CH0027474680
Isin,CH0027474631
Isin,CH0027474615
Isin,CH0027474706
Isin,CH0027474656
Isin,CH0027474730
Isin,CH0027474649
Isin,CH0027482295
Isin,CH0027482287
Isin,CH0027482303
Isin,CH0027462040
Isin,CH0027462032
Isin,CH0027462057
Isin,CH0027462065
Isin,GB00B1G0F058
Isin,GB00B1G0F389
Isin,DE000SCL1T49
Isin,DE000SCL1T56
Isin,DE000SCL1T64
Isin,DE000SCL1T72
Isin,DE000SCL1T80
Isin,DE000SCL1T98
Isin,DE000SCL1TA9
Isin,DE000SCL1TB7
Isin,CH0027355236
Isin,CH0027540134
Isin,CH0027540050
Isin,CH0027534335
Isin,CH0027578530
Isin,CH0027578472
Isin,CH0027370078
Isin,CH0027370086
Isin,CH0027370094
Isin,CH0027370052
Isin,CH0027370060
Isin,CH0027370045
Isin,CH0027370102
Isin,CH0027370110
Isin,CH0027370128
Isin,CH0027370029
Isin,CH0027370037
Isin,CH0027370136
Isin,CH0027556015
Isin,CH0027556007
Isin,CH0027555983
Isin,CH0027555942
Isin,CH0027555959
Isin,CH0027556031
Isin,CH0027555975
Isin,CH0027564589
Isin,CH0027564597
Isin,CH0027564563
Isin,CH0027564571
Isin,CH0027564613
Isin,GB00B1G4YG65
Isin,GB00B1G4Y556
Isin,GB00B1G4Y770
Isin,GB00B1G4YD35
Isin,GB00B1G4YF58
Isin,GB00B1G4Y226
Isin,GB00B1G4XT20
Isin,GB00B1G4XV42
Isin,GB00B1G4XL44
Isin,GB00B1G4XM50
Isin,GB00B1G4XN67
Isin,GB00B1G4X921
Isin,GB00B1G4XB46
Isin,GB00B1G4XC52
Isin,GB00B1G4XD69
Isin,GB00B1G4X814
Isin,CH0027585063
Isin,CH0027590501
Isin,CH0027565545
Isin,CH0027565552
Isin,CH0027565560
Isin,CH0027565578
Isin,CH0027569182
Isin,CH0027569190
Isin,CH0027569208
Isin,CH0027569216
Isin,CH0027569224
Isin,CH0027603106
Isin,CH0027603114
Isin,CH0027603072
Isin,CH0027603080
Isin,CH0027603122
Isin,CH0027603148
Isin,CH0027603155
Isin,CH0027603163
Isin,CH0027018107
Isin,GB00B1FHSB99
Isin,CH0027597092
Isin,CH0027597126
Isin,CH0027597142
Isin,CH0027597043
Isin,CH0027597035
Isin,CH0027618773
Isin,CH0027607420
Isin,CH0027616611
Isin,CH0027456646
Isin,CH0027609160
Isin,CH0027622981
Isin,CH0027626529
Isin,CH0027626537
Isin,CH0027623195
Isin,CH0027446845
Isin,CH0027462016
Isin,GB00B1G6FT20
Isin,GB00B1G6G889
Isin,GB00B1G6GC28
Isin,GB00B1G6GG65
Isin,GB00B1G6G772
Isin,GB00B1G6GF58
Isin,GB00B1G6G996
Isin,GB00B1G6GH72
Isin,GB00B1G6G111
Isin,GB00B1G6G665
Isin,GB00B1G6GD35
Isin,CH0027645933
Isin,CH0027645925
Isin,CH0027645966
Isin,CH0027645974
Isin,CH0027646022
Isin,CH0027646048
Isin,CH0027646071
Isin,CH0027368999
Isin,CH0027623344
Isin,CH0027636056
Isin,GB00B1GBXC62
Isin,GB00B1GBYC38
Isin,GB00B1GBYK12
Isin,DE000SCL2579
Isin,DE000SCL26G2
Isin,DE000SCL26K4
Isin,DE000SCL26F4
Isin,DE000SCL26D9
Isin,DE000SCL26J6
Isin,DE000SCL26M0
Isin,DE000SCL26N8
Isin,DE000SCL25B5
Isin,DE000SCL25A7
Isin,DE000SCL25D1
Isin,DE000SCL25K6
Isin,DE000SCL25X9
Isin,DE000SCL25Y7
Isin,DE000SCL25G4
Isin,DE000SCL25L4
Isin,DE000SCL25N0
Isin,DE000SCL25P5
Isin,DE000SCL25E9
Isin,DE000SCL25R1
Isin,DE000SCL25S9
Isin,DE000SCL25U5
Isin,DE000SCL25V3
Isin,DE000SCL2611